Copyright 1986-2022 Xilinx, Inc. All Rights Reserved. Copyright 2022-2026 Advanced Micro Devices, Inc. All Rights Reserved.
---------------------------------------------------------------------------------------------------------------------------------------------
| Tool Version : Vivado v.2026.1 (win64) Build 6511674 Tue Jun 16 11:02:23 MDT 2026
| Date         : Fri Sep 25 00:22:40 2026
| Host         : kr-x1nano-gen2 running 64-bit major release  (build 9200)
| Command      : report_timing_summary -file C:/Users/kongrong/Desktop/fpga/eink/build/text_local_gc16_idle_full_20260925/timing_summary.rpt
| Design       : eink_controller_es120mc1
| Device       : 7z010-clg400
| Speed File   : -1  PRODUCTION 1.12 2019-11-22
| Design State : Physopt postRoute
---------------------------------------------------------------------------------------------------------------------------------------------

Timing Summary Report

------------------------------------------------------------------------------------------------
| Timer Settings
| --------------
------------------------------------------------------------------------------------------------

  Enable Multi Corner Analysis               :  Yes
  Enable Pessimism Removal                   :  Yes
  Pessimism Removal Resolution               :  Nearest Common Node
  Enable Input Delay Default Clock           :  No
  Enable Preset / Clear Arcs                 :  No
  Disable Flight Delays                      :  No
  Ignore I/O Paths                           :  No
  Timing Early Launch at Borrowing Latches   :  No
  Borrow Time for Max Delay Exceptions       :  Yes
  Merge Timing Exceptions                    :  Yes
  Inter-SLR Compensation                     :  Conservative

  Corner  Analyze    Analyze    
  Name    Max Paths  Min Paths  
  ------  ---------  ---------  
  Slow    Yes        Yes        
  Fast    Yes        Yes        


------------------------------------------------------------------------------------------------
| Report Methodology
| ------------------
------------------------------------------------------------------------------------------------

Rule       Severity          Description                                           Violations  
---------  ----------------  ----------------------------------------------------  ----------  
TIMING-6   Critical Warning  No common primary clock between related clocks        1           
TIMING-7   Critical Warning  No common node between related clocks                 1           
DPIR-1     Warning           Asynchronous driver check                             64          
PDRC-190   Warning           Suboptimally placed synchronized register chain       11          
SYNTH-6    Warning           Timing of a RAM block might be sub-optimal            12          
TIMING-9   Warning           Unknown CDC Logic                                     1           
TIMING-10  Warning           Missing property on synchronizer                      1           
TIMING-18  Warning           Missing input or output delay                         29          
TIMING-24  Warning           Overridden Max delay datapath only                    2           
TIMING-28  Warning           Auto-derived clock referenced by a timing constraint  2           
TIMING-34  Warning           Bus skew constraint with unrealistic value            2           
TIMING-38  Warning           Bus skew constraint applied on multiple clocks        2           
ULMTCS-2   Warning           Control Sets use limits require reduction             1           
XDCB-5     Warning           Runtime inefficient way to find pin objects           2           

Note: This report is based on the most recent report_methodology run and may not be up-to-date. Run report_methodology on the current design for the latest report.



check_timing report

Table of Contents
-----------------
1. checking no_clock (0)
2. checking constant_clock (0)
3. checking pulse_width_clock (0)
4. checking unconstrained_internal_endpoints (0)
5. checking no_input_delay (3)
6. checking no_output_delay (8)
7. checking multiple_clock (0)
8. checking generated_clocks (0)
9. checking loops (0)
10. checking partial_input_delay (11)
11. checking partial_output_delay (0)
12. checking latch_loops (0)

1. checking no_clock (0)
------------------------
 There are 0 register/latch pins with no clock.


2. checking constant_clock (0)
------------------------------
 There are 0 register/latch pins with constant_clock.


3. checking pulse_width_clock (0)
---------------------------------
 There are 0 register/latch pins which need pulse_width check


4. checking unconstrained_internal_endpoints (0)
------------------------------------------------
 There are 0 pins that are not constrained for maximum delay.

 There are 0 pins that are not constrained for maximum delay due to constant clock.


5. checking no_input_delay (3)
------------------------------
 There are 3 input ports with no input delay specified. (HIGH)

 There are 0 input ports with no input delay but user has a false path constraint.


6. checking no_output_delay (8)
-------------------------------
 There are 8 ports with no output delay specified. (HIGH)

 There are 0 ports with no output delay but user has a false path constraint

 There are 0 ports with no output delay but with a timing clock defined on it or propagating through it


7. checking multiple_clock (0)
------------------------------
 There are 0 register/latch pins with multiple clocks.


8. checking generated_clocks (0)
--------------------------------
 There are 0 generated clocks that are not connected to a clock source.


9. checking loops (0)
---------------------
 There are 0 combinational loops in the design.


10. checking partial_input_delay (11)
-------------------------------------
 There are 11 input ports with partial input delay specified. (HIGH)


11. checking partial_output_delay (0)
-------------------------------------
 There are 0 ports with partial output delay specified.


12. checking latch_loops (0)
----------------------------
 There are 0 combinational latch loops in the design through latch input



------------------------------------------------------------------------------------------------
| Design Timing Summary
| ---------------------
------------------------------------------------------------------------------------------------

    WNS(ns)      TNS(ns)  TNS Failing Endpoints  TNS Total Endpoints      WHS(ns)      THS(ns)  THS Failing Endpoints  THS Total Endpoints     WPWS(ns)     TPWS(ns)  TPWS Failing Endpoints  TPWS Total Endpoints  
    -------      -------  ---------------------  -------------------      -------      -------  ---------------------  -------------------     --------     --------  ----------------------  --------------------  
      0.080        0.000                      0                44208        0.050        0.000                      0                44034        3.487        0.000                       0                 17639  


All user specified timing constraints are met.


------------------------------------------------------------------------------------------------
| Clock Summary
| -------------
------------------------------------------------------------------------------------------------

Clock                                                                                       Waveform(ns)           Period(ns)      Frequency(MHz)
-----                                                                                       ------------           ----------      --------------
clk_fpga_0                                                                                  {0.000 5.000}          10.000          100.000         
clk_fpga_1                                                                                  {0.000 10.000}         20.000          50.000          
  clk_50m_mmcm                                                                              {0.000 10.000}         20.000          50.000          
    ADV_I2C_BITCLK                                                                          {0.000 2500.000}       5000.000        0.200           
  clkfb                                                                                     {0.000 10.000}         20.000          50.000          
  epd_clk_mmcm                                                                              {0.000 11.346}         22.692          44.068          
    EPD_SDCK                                                                                {0.000 11.346}         22.692          44.068          
dbg_hub/inst/BSCANID.u_xsdbm_id/SWITCH_N_EXT_BSCAN.bscan_inst/SERIES7_BSCAN.bscan_inst/TCK  {0.000 16.500}         33.000          30.303          
pix_clk                                                                                     {0.000 4.467}          8.934           111.932         


------------------------------------------------------------------------------------------------
| Intra Clock Table
| -----------------
------------------------------------------------------------------------------------------------

Clock                                                                                           WNS(ns)      TNS(ns)  TNS Failing Endpoints  TNS Total Endpoints      WHS(ns)      THS(ns)  THS Failing Endpoints  THS Total Endpoints     WPWS(ns)     TPWS(ns)  TPWS Failing Endpoints  TPWS Total Endpoints  
-----                                                                                           -------      -------  ---------------------  -------------------      -------      -------  ---------------------  -------------------     --------     --------  ----------------------  --------------------  
clk_fpga_0                                                                                        0.915        0.000                      0                19831        0.051        0.000                      0                19831        3.750        0.000                       0                  7892  
clk_fpga_1                                                                                       11.766        0.000                      0                  677        0.069        0.000                      0                  677        7.000        0.000                       0                   563  
  clk_50m_mmcm                                                                                    0.080        0.000                      0                17667        0.050        0.000                      0                17645        8.750        0.000                       0                  8173  
    ADV_I2C_BITCLK                                                                             2493.865        0.000                      0                   89        0.181        0.000                      0                   89     2499.500        0.000                       0                    51  
  clkfb                                                                                                                                                                                                                                      17.845        0.000                       0                     3  
  epd_clk_mmcm                                                                                    4.976        0.000                      0                  273        0.119        0.000                      0                  273       10.846        0.000                       0                   204  
dbg_hub/inst/BSCANID.u_xsdbm_id/SWITCH_N_EXT_BSCAN.bscan_inst/SERIES7_BSCAN.bscan_inst/TCK       25.679        0.000                      0                  933        0.121        0.000                      0                  933       15.250        0.000                       0                   487  
pix_clk                                                                                           0.242        0.000                      0                  712        0.077        0.000                      0                  712        3.487        0.000                       0                   421  


------------------------------------------------------------------------------------------------
| Inter Clock Table
| -----------------
------------------------------------------------------------------------------------------------

From Clock                                                                                  To Clock                                                                                        WNS(ns)      TNS(ns)  TNS Failing Endpoints  TNS Total Endpoints      WHS(ns)      THS(ns)  THS Failing Endpoints  THS Total Endpoints  
----------                                                                                  --------                                                                                        -------      -------  ---------------------  -------------------      -------      -------  ---------------------  -------------------  
clk_50m_mmcm                                                                                clk_fpga_0                                                                                        1.613        0.000                      0                  968        0.752        0.000                      0                  908  
clk_50m_mmcm                                                                                clk_fpga_1                                                                                       11.157        0.000                      0                  120        0.182        0.000                      0                  120  
clk_fpga_0                                                                                  clk_50m_mmcm                                                                                      7.934        0.000                      0                   60                                                                        
ADV_I2C_BITCLK                                                                              clk_50m_mmcm                                                                                      8.479        0.000                      0                  395        0.403        0.000                      0                  395  
epd_clk_mmcm                                                                                clk_50m_mmcm                                                                                     21.207        0.000                      0                    8                                                                        
dbg_hub/inst/BSCANID.u_xsdbm_id/SWITCH_N_EXT_BSCAN.bscan_inst/SERIES7_BSCAN.bscan_inst/TCK  clk_50m_mmcm                                                                                     31.499        0.000                      0                    8                                                                        
clk_50m_mmcm                                                                                ADV_I2C_BITCLK                                                                                   12.426        0.000                      0                   33        0.077        0.000                      0                   33  
clk_50m_mmcm                                                                                epd_clk_mmcm                                                                                     18.214        0.000                      0                    8                                                                        
epd_clk_mmcm                                                                                EPD_SDCK                                                                                          0.403        0.000                      0                   16        3.221        0.000                      0                   16  
clk_50m_mmcm                                                                                dbg_hub/inst/BSCANID.u_xsdbm_id/SWITCH_N_EXT_BSCAN.bscan_inst/SERIES7_BSCAN.bscan_inst/TCK       18.628        0.000                      0                    8                                                                        


------------------------------------------------------------------------------------------------
| Other Path Groups Table
| -----------------------
------------------------------------------------------------------------------------------------

Path Group                                                                                  From Clock                                                                                  To Clock                                                                                        WNS(ns)      TNS(ns)  TNS Failing Endpoints  TNS Total Endpoints      WHS(ns)      THS(ns)  THS Failing Endpoints  THS Total Endpoints  
----------                                                                                  ----------                                                                                  --------                                                                                        -------      -------  ---------------------  -------------------      -------      -------  ---------------------  -------------------  
**async_default**                                                                           clk_50m_mmcm                                                                                ADV_I2C_BITCLK                                                                                   13.368        0.000                      0                   50        0.723        0.000                      0                   50  
**async_default**                                                                           clk_50m_mmcm                                                                                clk_50m_mmcm                                                                                      7.967        0.000                      0                 1984        0.245        0.000                      0                 1984  
**async_default**                                                                           clk_fpga_1                                                                                  clk_50m_mmcm                                                                                     15.755        0.000                      0                    2        0.610        0.000                      0                    2  
**async_default**                                                                           clk_fpga_0                                                                                  clk_fpga_0                                                                                        5.118        0.000                      0                  951        0.236        0.000                      0                  951  
**async_default**                                                                           dbg_hub/inst/BSCANID.u_xsdbm_id/SWITCH_N_EXT_BSCAN.bscan_inst/SERIES7_BSCAN.bscan_inst/TCK  dbg_hub/inst/BSCANID.u_xsdbm_id/SWITCH_N_EXT_BSCAN.bscan_inst/SERIES7_BSCAN.bscan_inst/TCK       26.908        0.000                      0                  100        0.380        0.000                      0                  100  
**async_default**                                                                           epd_clk_mmcm                                                                                epd_clk_mmcm                                                                                      5.899        0.000                      0                  123        0.894        0.000                      0                  123  
**async_default**                                                                           pix_clk                                                                                     pix_clk                                                                                           4.684        0.000                      0                   29        0.962        0.000                      0                   29  


------------------------------------------------------------------------------------------------
| Timing Details
| --------------
------------------------------------------------------------------------------------------------


---------------------------------------------------------------------------------------------------
From Clock:  clk_fpga_0
  To Clock:  clk_fpga_0

Setup :            0  Failing Endpoints,  Worst Slack        0.915ns,  Total Violation        0.000ns
Hold  :            0  Failing Endpoints,  Worst Slack        0.051ns,  Total Violation        0.000ns
PW    :            0  Failing Endpoints,  Worst Slack        3.750ns,  Total Violation        0.000ns
---------------------------------------------------------------------------------------------------


Max Delay Paths
--------------------------------------------------------------------------------------
Slack (MET) :             0.915ns  (required time - arrival time)
  Source:                 frame_processor/ps_system/ps_system_i/axi_interconnect_0/xbar/inst/gen_samd.crossbar_samd/gen_master_slots[0].gen_mi_write.wdata_mux_w/gen_wmux.wmux_aw_fifo/storage_data1_reg[1]/C
                            (rising edge-triggered cell FDRE clocked by clk_fpga_0  {rise@0.000ns fall@5.000ns period=10.000ns})
  Destination:            frame_processor/ps_system/ps_system_i/axi_interconnect_0/s01_couplers/s01_data_fifo/inst/gen_fifo.fifo_gen_inst/<hidden>/<hidden>/<hidden>/<hidden>/<hidden>/inst_blk_mem_gen/gnbram.gnativebmg.native_blk_mem_gen/valid.cstr/ramloop[1].ram.r/prim_noinit.ram/DEVICE_7SERIES.NO_BMM_INFO.SDP.WIDE_PRIM36_NO_ECC.ram/ENARDEN
                            (rising edge-triggered cell RAMB36E1 clocked by clk_fpga_0  {rise@0.000ns fall@5.000ns period=10.000ns})
  Path Group:             clk_fpga_0
  Path Type:              Setup (Max at Slow Process Corner)
  Requirement:            10.000ns  (clk_fpga_0 rise@10.000ns - clk_fpga_0 rise@0.000ns)
  Data Path Delay:        8.429ns  (logic 1.559ns (18.496%)  route 6.870ns (81.504%))
  Logic Levels:           5  (LUT2=3 LUT6=2)
  Clock Path Skew:        -0.059ns (DCD - SCD + CPR)
    Destination Clock Delay (DCD):    2.734ns = ( 12.734 - 10.000 ) 
    Source Clock Delay      (SCD):    3.023ns
    Clock Pessimism Removal (CPR):    0.230ns
  Clock Uncertainty:      0.154ns  ((TSJ^2 + TIJ^2)^1/2 + DJ) / 2 + PE
    Total System Jitter     (TSJ):    0.071ns
    Total Input Jitter      (TIJ):    0.300ns
    Discrete Jitter          (DJ):    0.000ns
    Phase Error              (PE):    0.000ns

    Location             Delay type                Incr(ns)  Path(ns)    Netlist Resource(s)
  -------------------------------------------------------------------    -------------------
                         (clock clk_fpga_0 rise edge)
                                                      0.000     0.000 r  <hidden>
    PS7_X0Y0             PS7                          0.000     0.000 r  frame_processor/ps_system/ps_system_i/processing_system7_0/inst/PS7_i/FCLKCLK[0]
                         net (fo=1, routed)           1.207     1.207    frame_processor/ps_system/ps_system_i/processing_system7_0/inst/FCLK_CLK0
    BUFGCTRL_X0Y3        BUFG (Prop_bufg_I_O)         0.101     1.308 r  frame_processor/ps_system/ps_system_i/processing_system7_0/inst/FCLK_CLK0_BUFG_inst/O
                         net (fo=7892, routed)        1.715     3.023    frame_processor/ps_system/ps_system_i/axi_interconnect_0/xbar/inst/gen_samd.crossbar_samd/gen_master_slots[0].gen_mi_write.wdata_mux_w/gen_wmux.wmux_aw_fifo/aclk
    SLICE_X1Y16          FDRE                                         r  frame_processor/ps_system/ps_system_i/axi_interconnect_0/xbar/inst/gen_samd.crossbar_samd/gen_master_slots[0].gen_mi_write.wdata_mux_w/gen_wmux.wmux_aw_fifo/storage_data1_reg[1]/C
  -------------------------------------------------------------------    -------------------
    SLICE_X1Y16          FDRE (Prop_fdre_C_Q)         0.456     3.479 f  frame_processor/ps_system/ps_system_i/axi_interconnect_0/xbar/inst/gen_samd.crossbar_samd/gen_master_slots[0].gen_mi_write.wdata_mux_w/gen_wmux.wmux_aw_fifo/storage_data1_reg[1]/Q
                         net (fo=85, routed)          2.185     5.664    frame_processor/ps_system/ps_system_i/axi_interconnect_0/xbar/inst/gen_samd.crossbar_samd/gen_master_slots[0].gen_mi_write.wdata_mux_w/gen_wmux.wmux_aw_fifo/m_select_enc_1[1]
    SLICE_X5Y37          LUT2 (Prop_lut2_I0_O)        0.154     5.818 f  frame_processor/ps_system/ps_system_i/axi_interconnect_0/xbar/inst/gen_samd.crossbar_samd/gen_master_slots[0].gen_mi_write.wdata_mux_w/gen_wmux.wmux_aw_fifo/s_axi_wready[1]_INST_0_i_2/O
                         net (fo=1, routed)           1.167     6.986    frame_processor/ps_system/ps_system_i/axi_interconnect_0/xbar/inst/gen_samd.crossbar_samd/gen_master_slots[0].gen_mi_write.wdata_mux_w/gen_wmux.wmux_aw_fifo/s_axi_wready[1]_INST_0_i_2_n_0
    SLICE_X5Y18          LUT6 (Prop_lut6_I0_O)        0.327     7.313 f  frame_processor/ps_system/ps_system_i/axi_interconnect_0/xbar/inst/gen_samd.crossbar_samd/gen_master_slots[0].gen_mi_write.wdata_mux_w/gen_wmux.wmux_aw_fifo/s_axi_wready[1]_INST_0_i_1/O
                         net (fo=6, routed)           0.704     8.016    frame_processor/ps_system/ps_system_i/axi_interconnect_0/xbar/inst/gen_samd.crossbar_samd/gen_slave_slots[1].gen_si_write.wdata_router_w/wrouter_aw_fifo/gen_primitive_shifter.gen_srls[0].srl_inst
    SLICE_X6Y18          LUT2 (Prop_lut2_I1_O)        0.150     8.166 r  frame_processor/ps_system/ps_system_i/axi_interconnect_0/xbar/inst/gen_samd.crossbar_samd/gen_slave_slots[1].gen_si_write.wdata_router_w/wrouter_aw_fifo/s_axi_wready[1]_INST_0/O
                         net (fo=9, routed)           1.270     9.436    frame_processor/ps_system/ps_system_i/axi_interconnect_0/s01_couplers/s01_data_fifo/inst/gen_fifo.fifo_gen_inst/<hidden>/<hidden>/<hidden>/<hidden>/<hidden>/<hidden>
    SLICE_X5Y39          LUT6 (Prop_lut6_I2_O)        0.348     9.784 r  frame_processor/ps_system/ps_system_i/axi_interconnect_0/s01_couplers/s01_data_fifo/inst/gen_fifo.fifo_gen_inst/<hidden>/<hidden>/<hidden>/<hidden>/<hidden>/<hidden>/<hidden>
                         net (fo=1, routed)           0.694    10.478    frame_processor/ps_system/ps_system_i/axi_interconnect_0/s01_couplers/s01_data_fifo/inst/gen_fifo.fifo_gen_inst/<hidden>/<hidden>/<hidden>/<hidden>/<hidden>/inst_blk_mem_gen/gnbram.gnativebmg.native_blk_mem_gen/valid.cstr/ramloop[1].ram.r/prim_noinit.ram/enb
    SLICE_X6Y39          LUT2 (Prop_lut2_I1_O)        0.124    10.602 r  frame_processor/ps_system/ps_system_i/axi_interconnect_0/s01_couplers/s01_data_fifo/inst/gen_fifo.fifo_gen_inst/<hidden>/<hidden>/<hidden>/<hidden>/<hidden>/inst_blk_mem_gen/gnbram.gnativebmg.native_blk_mem_gen/valid.cstr/ramloop[1].ram.r/prim_noinit.ram/DEVICE_7SERIES.NO_BMM_INFO.SDP.WIDE_PRIM36_NO_ECC.ram_i_1/O
                         net (fo=2, routed)           0.850    11.452    frame_processor/ps_system/ps_system_i/axi_interconnect_0/s01_couplers/s01_data_fifo/inst/gen_fifo.fifo_gen_inst/<hidden>/<hidden>/<hidden>/<hidden>/<hidden>/inst_blk_mem_gen/gnbram.gnativebmg.native_blk_mem_gen/valid.cstr/ramloop[1].ram.r/prim_noinit.ram/ENB_I
    RAMB36_X0Y6          RAMB36E1                                     r  frame_processor/ps_system/ps_system_i/axi_interconnect_0/s01_couplers/s01_data_fifo/inst/gen_fifo.fifo_gen_inst/<hidden>/<hidden>/<hidden>/<hidden>/<hidden>/inst_blk_mem_gen/gnbram.gnativebmg.native_blk_mem_gen/valid.cstr/ramloop[1].ram.r/prim_noinit.ram/DEVICE_7SERIES.NO_BMM_INFO.SDP.WIDE_PRIM36_NO_ECC.ram/ENARDEN
  -------------------------------------------------------------------    -------------------

                         (clock clk_fpga_0 rise edge)
                                                     10.000    10.000 r  <hidden>
    PS7_X0Y0             PS7                          0.000    10.000 r  frame_processor/ps_system/ps_system_i/processing_system7_0/inst/PS7_i/FCLKCLK[0]
                         net (fo=1, routed)           1.101    11.101    frame_processor/ps_system/ps_system_i/processing_system7_0/inst/FCLK_CLK0
    BUFGCTRL_X0Y3        BUFG (Prop_bufg_I_O)         0.091    11.192 r  frame_processor/ps_system/ps_system_i/processing_system7_0/inst/FCLK_CLK0_BUFG_inst/O
                         net (fo=7892, routed)        1.542    12.734    frame_processor/ps_system/ps_system_i/axi_interconnect_0/s01_couplers/s01_data_fifo/inst/gen_fifo.fifo_gen_inst/<hidden>/<hidden>/<hidden>/<hidden>/<hidden>/inst_blk_mem_gen/gnbram.gnativebmg.native_blk_mem_gen/valid.cstr/ramloop[1].ram.r/prim_noinit.ram/clka
    RAMB36_X0Y6          RAMB36E1                                     r  frame_processor/ps_system/ps_system_i/axi_interconnect_0/s01_couplers/s01_data_fifo/inst/gen_fifo.fifo_gen_inst/<hidden>/<hidden>/<hidden>/<hidden>/<hidden>/inst_blk_mem_gen/gnbram.gnativebmg.native_blk_mem_gen/valid.cstr/ramloop[1].ram.r/prim_noinit.ram/DEVICE_7SERIES.NO_BMM_INFO.SDP.WIDE_PRIM36_NO_ECC.ram/CLKARDCLK
                         clock pessimism              0.230    12.964    <hidden>
                         clock uncertainty           -0.154    12.810    <hidden>
    RAMB36_X0Y6          RAMB36E1 (Setup_ramb36e1_CLKARDCLK_ENARDEN)
                                                     -0.443    12.367    frame_processor/ps_system/ps_system_i/axi_interconnect_0/s01_couplers/s01_data_fifo/inst/gen_fifo.fifo_gen_inst/<hidden>/<hidden>/<hidden>/<hidden>/<hidden>/inst_blk_mem_gen/gnbram.gnativebmg.native_blk_mem_gen/valid.cstr/ramloop[1].ram.r/prim_noinit.ram/DEVICE_7SERIES.NO_BMM_INFO.SDP.WIDE_PRIM36_NO_ECC.ram
  -------------------------------------------------------------------
                         required time                         12.367    <hidden>
                         arrival time                         -11.452    <hidden>
  -------------------------------------------------------------------
                         slack                                  0.915    <hidden>





Min Delay Paths
--------------------------------------------------------------------------------------
Slack (MET) :             0.051ns  (arrival time - required time)
  Source:                 frame_processor/ps_system/ps_system_i/axi_interconnect_0/s00_couplers/s00_data_fifo/inst/gen_fifo.fifo_gen_inst/<hidden>/<hidden>/<hidden>/<hidden>/<hidden>/<hidden>/<hidden>
                            (rising edge-triggered cell FDRE clocked by clk_fpga_0  {rise@0.000ns fall@5.000ns period=10.000ns})
  Destination:            frame_processor/ps_system/ps_system_i/axi_interconnect_0/s00_couplers/s00_data_fifo/inst/gen_fifo.fifo_gen_inst/<hidden>/<hidden>/<hidden>/<hidden>/<hidden>/<hidden>
                            (rising edge-triggered cell FDRE clocked by clk_fpga_0  {rise@0.000ns fall@5.000ns period=10.000ns})
  Path Group:             clk_fpga_0
  Path Type:              Hold (Min at Fast Process Corner)
  Requirement:            0.000ns  (clk_fpga_0 rise@0.000ns - clk_fpga_0 rise@0.000ns)
  Data Path Delay:        0.388ns  (logic 0.164ns (42.307%)  route 0.224ns (57.693%))
  Logic Levels:           0  
  Clock Path Skew:        0.261ns (DCD - SCD - CPR)
    Destination Clock Delay (DCD):    1.184ns
    Source Clock Delay      (SCD):    0.889ns
    Clock Pessimism Removal (CPR):    0.034ns

    Location             Delay type                Incr(ns)  Path(ns)    Netlist Resource(s)
  -------------------------------------------------------------------    -------------------
                         (clock clk_fpga_0 rise edge)
                                                      0.000     0.000 r  <hidden>
    PS7_X0Y0             PS7                          0.000     0.000 r  frame_processor/ps_system/ps_system_i/processing_system7_0/inst/PS7_i/FCLKCLK[0]
                         net (fo=1, routed)           0.315     0.315    frame_processor/ps_system/ps_system_i/processing_system7_0/inst/FCLK_CLK0
    BUFGCTRL_X0Y3        BUFG (Prop_bufg_I_O)         0.026     0.341 r  frame_processor/ps_system/ps_system_i/processing_system7_0/inst/FCLK_CLK0_BUFG_inst/O
                         net (fo=7892, routed)        0.548     0.889    frame_processor/ps_system/ps_system_i/axi_interconnect_0/s00_couplers/s00_data_fifo/inst/gen_fifo.fifo_gen_inst/<hidden>/<hidden>/<hidden>/<hidden>/<hidden>/<hidden>
    SLICE_X24Y23         FDRE                                         r  frame_processor/ps_system/ps_system_i/axi_interconnect_0/s00_couplers/s00_data_fifo/inst/gen_fifo.fifo_gen_inst/<hidden>/<hidden>/<hidden>/<hidden>/<hidden>/<hidden>/<hidden>
  -------------------------------------------------------------------    -------------------
    SLICE_X24Y23         FDRE (Prop_fdre_C_Q)         0.164     1.053 r  frame_processor/ps_system/ps_system_i/axi_interconnect_0/s00_couplers/s00_data_fifo/inst/gen_fifo.fifo_gen_inst/<hidden>/<hidden>/<hidden>/<hidden>/<hidden>/<hidden>/<hidden>
                         net (fo=1, routed)           0.224     1.276    frame_processor/ps_system/ps_system_i/axi_interconnect_0/s00_couplers/s00_data_fifo/inst/gen_fifo.fifo_gen_inst/<hidden>/<hidden>/<hidden>/<hidden>/<hidden>
    SLICE_X21Y24         FDRE                                         r  frame_processor/ps_system/ps_system_i/axi_interconnect_0/s00_couplers/s00_data_fifo/inst/gen_fifo.fifo_gen_inst/<hidden>/<hidden>/<hidden>/<hidden>/<hidden>/<hidden>
  -------------------------------------------------------------------    -------------------

                         (clock clk_fpga_0 rise edge)
                                                      0.000     0.000 r  <hidden>
    PS7_X0Y0             PS7                          0.000     0.000 r  frame_processor/ps_system/ps_system_i/processing_system7_0/inst/PS7_i/FCLKCLK[0]
                         net (fo=1, routed)           0.341     0.341    frame_processor/ps_system/ps_system_i/processing_system7_0/inst/FCLK_CLK0
    BUFGCTRL_X0Y3        BUFG (Prop_bufg_I_O)         0.029     0.370 r  frame_processor/ps_system/ps_system_i/processing_system7_0/inst/FCLK_CLK0_BUFG_inst/O
                         net (fo=7892, routed)        0.814     1.184    frame_processor/ps_system/ps_system_i/axi_interconnect_0/s00_couplers/s00_data_fifo/inst/gen_fifo.fifo_gen_inst/<hidden>/<hidden>/<hidden>/<hidden>/<hidden>
    SLICE_X21Y24         FDRE                                         r  frame_processor/ps_system/ps_system_i/axi_interconnect_0/s00_couplers/s00_data_fifo/inst/gen_fifo.fifo_gen_inst/<hidden>/<hidden>/<hidden>/<hidden>/<hidden>/<hidden>
                         clock pessimism             -0.034     1.150    <hidden>
    SLICE_X21Y24         FDRE (Hold_fdre_C_D)         0.075     1.225    frame_processor/ps_system/ps_system_i/axi_interconnect_0/s00_couplers/s00_data_fifo/inst/gen_fifo.fifo_gen_inst/<hidden>/<hidden>/<hidden>/<hidden>/<hidden>
  -------------------------------------------------------------------
                         required time                         -1.225    <hidden>
                         arrival time                           1.276    <hidden>
  -------------------------------------------------------------------
                         slack                                  0.051    <hidden>





Pulse Width Checks
--------------------------------------------------------------------------------------
Clock Name:         clk_fpga_0
Waveform(ns):       { 0.000 5.000 }
Period(ns):         10.000
Sources:            { frame_processor/ps_system/ps_system_i/processing_system7_0/inst/PS7_i/FCLKCLK[0] }

Check Type        Corner  Lib Pin             Reference Pin  Required(ns)  Actual(ns)  Slack(ns)  Location      Pin
Min Period        n/a     RAMB36E1/CLKARDCLK  n/a            2.944         10.000      7.056      RAMB36_X0Y2   frame_processor/ps_system/ps_system_i/axi_interconnect_0/m00_couplers/m00_data_fifo/inst/gen_fifo.fifo_gen_inst/<hidden>/<hidden>/<hidden>/<hidden>/<hidden>/inst_blk_mem_gen/gnbram.gnativebmg.native_blk_mem_gen/valid.cstr/ramloop[0].ram.r/prim_noinit.ram/DEVICE_7SERIES.NO_BMM_INFO.SDP.WIDE_PRIM36_NO_ECC.ram/CLKARDCLK
Low Pulse Width   Slow    RAMD32/CLK          n/a            1.250         5.000       3.750      SLICE_X10Y13  frame_processor/ps_system/ps_system_i/axi_interconnect_0/m00_couplers/m00_data_fifo/inst/gen_fifo.fifo_gen_inst/<hidden>/<hidden>/<hidden>/<hidden>/<hidden>/<hidden>/<hidden>/<hidden>
High Pulse Width  Slow    RAMD32/CLK          n/a            1.250         5.000       3.750      SLICE_X10Y13  frame_processor/ps_system/ps_system_i/axi_interconnect_0/m00_couplers/m00_data_fifo/inst/gen_fifo.fifo_gen_inst/<hidden>/<hidden>/<hidden>/<hidden>/<hidden>/<hidden>/<hidden>/<hidden>



---------------------------------------------------------------------------------------------------
From Clock:  clk_fpga_1
  To Clock:  clk_fpga_1

Setup :            0  Failing Endpoints,  Worst Slack       11.766ns,  Total Violation        0.000ns
Hold  :            0  Failing Endpoints,  Worst Slack        0.069ns,  Total Violation        0.000ns
PW    :            0  Failing Endpoints,  Worst Slack        7.000ns,  Total Violation        0.000ns
---------------------------------------------------------------------------------------------------


Max Delay Paths
--------------------------------------------------------------------------------------
Slack (MET) :             11.766ns  (required time - arrival time)
  Source:                 receiver_debug_slot_reg[8]/C
                            (rising edge-triggered cell FDRE clocked by clk_fpga_1  {rise@0.000ns fall@10.000ns period=20.000ns})
  Destination:            edid_ila/inst/<hidden>/<hidden>/<hidden>/<hidden>/<hidden>/<hidden>/<hidden>
                            (rising edge-triggered cell FDRE clocked by clk_fpga_1  {rise@0.000ns fall@10.000ns period=20.000ns})
  Path Group:             clk_fpga_1
  Path Type:              Setup (Max at Slow Process Corner)
  Requirement:            20.000ns  (clk_fpga_1 rise@20.000ns - clk_fpga_1 rise@0.000ns)
  Data Path Delay:        7.577ns  (logic 1.308ns (17.264%)  route 6.269ns (82.736%))
  Logic Levels:           4  (LUT2=1 LUT6=2 MUXF7=1)
  Clock Path Skew:        -0.046ns (DCD - SCD + CPR)
    Destination Clock Delay (DCD):    2.732ns = ( 22.732 - 20.000 ) 
    Source Clock Delay      (SCD):    3.008ns
    Clock Pessimism Removal (CPR):    0.230ns
  Clock Uncertainty:      0.302ns  ((TSJ^2 + TIJ^2)^1/2 + DJ) / 2 + PE
    Total System Jitter     (TSJ):    0.071ns
    Total Input Jitter      (TIJ):    0.600ns
    Discrete Jitter          (DJ):    0.000ns
    Phase Error              (PE):    0.000ns

    Location             Delay type                Incr(ns)  Path(ns)    Netlist Resource(s)
  -------------------------------------------------------------------    -------------------
                         (clock clk_fpga_1 rise edge)
                                                      0.000     0.000 r  <hidden>
    PS7_X0Y0             PS7                          0.000     0.000 r  frame_processor/ps_system/ps_system_i/processing_system7_0/inst/PS7_i/FCLKCLK[1]
                         net (fo=1, routed)           1.207     1.207    frame_processor/ps_system/ps_system_i/processing_system7_0/inst/FCLK_CLK_unbuffered[1]
    BUFGCTRL_X0Y4        BUFG (Prop_bufg_I_O)         0.101     1.308 r  frame_processor/ps_system/ps_system_i/processing_system7_0/inst/buffer_fclk_clk_1.FCLK_CLK_1_BUFG/O
                         net (fo=562, routed)         1.700     3.008    clk
    SLICE_X0Y80          FDRE                                         r  receiver_debug_slot_reg[8]/C
  -------------------------------------------------------------------    -------------------
    SLICE_X0Y80          FDRE (Prop_fdre_C_Q)         0.518     3.526 r  receiver_debug_slot_reg[8]/Q
                         net (fo=41, routed)          1.955     5.481    system_manager/edid_ila[1]
    SLICE_X9Y82          LUT6 (Prop_lut6_I1_O)        0.124     5.605 r  system_manager/receiver_debug_data_inferred_i_50/O
                         net (fo=1, routed)           1.089     6.694    system_manager/receiver_debug_data_inferred_i_50_n_0
    SLICE_X9Y85          LUT6 (Prop_lut6_I5_O)        0.124     6.818 r  system_manager/receiver_debug_data_inferred_i_27/O
                         net (fo=1, routed)           0.000     6.818    system_manager/receiver_debug_data_inferred_i_27_n_0
    SLICE_X9Y85          MUXF7 (Prop_muxf7_I1_O)      0.217     7.035 r  system_manager/receiver_debug_data_inferred_i_6/O
                         net (fo=2, routed)           2.021     9.056    edid_ila/inst/<hidden>/<hidden>/<hidden>/<hidden>
    SLICE_X6Y95          LUT2 (Prop_lut2_I0_O)        0.325     9.381 r  edid_ila/inst/<hidden>/<hidden>/<hidden>/<hidden>/<hidden>
                         net (fo=2, routed)           1.203    10.585    edid_ila/inst/<hidden>/<hidden>/<hidden>/<hidden>/<hidden>/<hidden>
    SLICE_X3Y92          FDRE                                         r  edid_ila/inst/<hidden>/<hidden>/<hidden>/<hidden>/<hidden>/<hidden>/<hidden>
  -------------------------------------------------------------------    -------------------

                         (clock clk_fpga_1 rise edge)
                                                     20.000    20.000 r  <hidden>
    PS7_X0Y0             PS7                          0.000    20.000 r  frame_processor/ps_system/ps_system_i/processing_system7_0/inst/PS7_i/FCLKCLK[1]
                         net (fo=1, routed)           1.101    21.101    frame_processor/ps_system/ps_system_i/processing_system7_0/inst/FCLK_CLK_unbuffered[1]
    BUFGCTRL_X0Y4        BUFG (Prop_bufg_I_O)         0.091    21.192 r  frame_processor/ps_system/ps_system_i/processing_system7_0/inst/buffer_fclk_clk_1.FCLK_CLK_1_BUFG/O
                         net (fo=562, routed)         1.540    22.732    edid_ila/inst/<hidden>/<hidden>/<hidden>/<hidden>/<hidden>/<hidden>
    SLICE_X3Y92          FDRE                                         r  edid_ila/inst/<hidden>/<hidden>/<hidden>/<hidden>/<hidden>/<hidden>/<hidden>
                         clock pessimism              0.230    22.962    <hidden>
                         clock uncertainty           -0.302    22.660    <hidden>
    SLICE_X3Y92          FDRE (Setup_fdre_C_D)       -0.309    22.351    edid_ila/inst/<hidden>/<hidden>/<hidden>/<hidden>/<hidden>/<hidden>
  -------------------------------------------------------------------
                         required time                         22.351    <hidden>
                         arrival time                         -10.585    <hidden>
  -------------------------------------------------------------------
                         slack                                 11.766    <hidden>





Min Delay Paths
--------------------------------------------------------------------------------------
Slack (MET) :             0.069ns  (arrival time - required time)
  Source:                 edid_ila/inst/<hidden>/<hidden>/<hidden>/<hidden>/<hidden>/<hidden>
                            (rising edge-triggered cell FDRE clocked by clk_fpga_1  {rise@0.000ns fall@10.000ns period=20.000ns})
  Destination:            edid_ila/inst/<hidden>/<hidden>/<hidden>/<hidden>/<hidden>/<hidden>
                            (rising edge-triggered cell FDRE clocked by clk_fpga_1  {rise@0.000ns fall@10.000ns period=20.000ns})
  Path Group:             clk_fpga_1
  Path Type:              Hold (Min at Fast Process Corner)
  Requirement:            0.000ns  (clk_fpga_1 rise@0.000ns - clk_fpga_1 rise@0.000ns)
  Data Path Delay:        0.329ns  (logic 0.128ns (38.880%)  route 0.201ns (61.120%))
  Logic Levels:           0  
  Clock Path Skew:        0.267ns (DCD - SCD - CPR)
    Destination Clock Delay (DCD):    1.201ns
    Source Clock Delay      (SCD):    0.900ns
    Clock Pessimism Removal (CPR):    0.034ns

    Location             Delay type                Incr(ns)  Path(ns)    Netlist Resource(s)
  -------------------------------------------------------------------    -------------------
                         (clock clk_fpga_1 rise edge)
                                                      0.000     0.000 r  <hidden>
    PS7_X0Y0             PS7                          0.000     0.000 r  frame_processor/ps_system/ps_system_i/processing_system7_0/inst/PS7_i/FCLKCLK[1]
                         net (fo=1, routed)           0.315     0.315    frame_processor/ps_system/ps_system_i/processing_system7_0/inst/FCLK_CLK_unbuffered[1]
    BUFGCTRL_X0Y4        BUFG (Prop_bufg_I_O)         0.026     0.341 r  frame_processor/ps_system/ps_system_i/processing_system7_0/inst/buffer_fclk_clk_1.FCLK_CLK_1_BUFG/O
                         net (fo=562, routed)         0.559     0.900    edid_ila/inst/<hidden>/<hidden>/<hidden>/<hidden>/<hidden>
    SLICE_X22Y97         FDRE                                         r  edid_ila/inst/<hidden>/<hidden>/<hidden>/<hidden>/<hidden>/<hidden>
  -------------------------------------------------------------------    -------------------
    SLICE_X22Y97         FDRE (Prop_fdre_C_Q)         0.128     1.028 r  edid_ila/inst/<hidden>/<hidden>/<hidden>/<hidden>/<hidden>/<hidden>
                         net (fo=6, routed)           0.201     1.229    edid_ila/inst/<hidden>/<hidden>/<hidden>/<hidden>/<hidden>
    SLICE_X18Y97         FDRE                                         r  edid_ila/inst/<hidden>/<hidden>/<hidden>/<hidden>/<hidden>/<hidden>
  -------------------------------------------------------------------    -------------------

                         (clock clk_fpga_1 rise edge)
                                                      0.000     0.000 r  <hidden>
    PS7_X0Y0             PS7                          0.000     0.000 r  frame_processor/ps_system/ps_system_i/processing_system7_0/inst/PS7_i/FCLKCLK[1]
                         net (fo=1, routed)           0.341     0.341    frame_processor/ps_system/ps_system_i/processing_system7_0/inst/FCLK_CLK_unbuffered[1]
    BUFGCTRL_X0Y4        BUFG (Prop_bufg_I_O)         0.029     0.370 r  frame_processor/ps_system/ps_system_i/processing_system7_0/inst/buffer_fclk_clk_1.FCLK_CLK_1_BUFG/O
                         net (fo=562, routed)         0.831     1.201    edid_ila/inst/<hidden>/<hidden>/<hidden>/<hidden>/<hidden>
    SLICE_X18Y97         FDRE                                         r  edid_ila/inst/<hidden>/<hidden>/<hidden>/<hidden>/<hidden>/<hidden>
                         clock pessimism             -0.034     1.167    <hidden>
    SLICE_X18Y97         FDRE (Hold_fdre_C_D)        -0.007     1.160    edid_ila/inst/<hidden>/<hidden>/<hidden>/<hidden>/<hidden>
  -------------------------------------------------------------------
                         required time                         -1.160    <hidden>
                         arrival time                           1.229    <hidden>
  -------------------------------------------------------------------
                         slack                                  0.069    <hidden>





Pulse Width Checks
--------------------------------------------------------------------------------------
Clock Name:         clk_fpga_1
Waveform(ns):       { 0.000 10.000 }
Period(ns):         20.000
Sources:            { frame_processor/ps_system/ps_system_i/processing_system7_0/inst/PS7_i/FCLKCLK[1] }

Check Type        Corner  Lib Pin             Reference Pin  Required(ns)  Actual(ns)  Slack(ns)  Location         Pin
Min Period        n/a     RAMB18E1/CLKARDCLK  n/a            2.576         20.000      17.424     RAMB18_X0Y34     edid_ila/inst/<hidden>/<hidden>/<hidden>/inst_blk_mem_gen/gnbram.gnativebmg.native_blk_mem_gen/valid.cstr/ramloop[0].ram.r/prim_noinit.ram/DEVICE_7SERIES.NO_BMM_INFO.SDP.SIMPLE_PRIM18.ram/CLKARDCLK
Max Period        n/a     MMCME2_ADV/CLKIN1   n/a            100.000       20.000      80.000     MMCME2_ADV_X0Y0  clock_pll/u_mmcm/CLKIN1
Low Pulse Width   Slow    MMCME2_ADV/CLKIN1   n/a            3.000         10.000      7.000      MMCME2_ADV_X0Y0  clock_pll/u_mmcm/CLKIN1
High Pulse Width  Slow    MMCME2_ADV/CLKIN1   n/a            3.000         10.000      7.000      MMCME2_ADV_X0Y0  clock_pll/u_mmcm/CLKIN1



---------------------------------------------------------------------------------------------------
From Clock:  clk_50m_mmcm
  To Clock:  clk_50m_mmcm

Setup :            0  Failing Endpoints,  Worst Slack        0.080ns,  Total Violation        0.000ns
Hold  :            0  Failing Endpoints,  Worst Slack        0.050ns,  Total Violation        0.000ns
PW    :            0  Failing Endpoints,  Worst Slack        8.750ns,  Total Violation        0.000ns
---------------------------------------------------------------------------------------------------


Max Delay Paths
--------------------------------------------------------------------------------------
Slack (MET) :             0.080ns  (required time - arrival time)
  Source:                 status_source/v_reg[1]/C
                            (rising edge-triggered cell FDCE clocked by clk_50m_mmcm  {rise@0.000ns fall@10.000ns period=20.000ns})
  Destination:            frame_processor/input_fifo/gnuram_async_fifo.xpm_fifo_base_inst/gen_sdpram.xpm_memory_base_inst/gen_wr_a.gen_word_narrow.mem_reg_4/DIADI[0]
                            (rising edge-triggered cell RAMB36E1 clocked by clk_50m_mmcm  {rise@0.000ns fall@10.000ns period=20.000ns})
  Path Group:             clk_50m_mmcm
  Path Type:              Setup (Max at Slow Process Corner)
  Requirement:            20.000ns  (clk_50m_mmcm rise@20.000ns - clk_50m_mmcm rise@0.000ns)
  Data Path Delay:        19.097ns  (logic 5.532ns (28.968%)  route 13.565ns (71.032%))
  Logic Levels:           24  (CARRY4=4 LUT1=1 LUT3=2 LUT4=2 LUT5=3 LUT6=11 MUXF7=1)
  Clock Path Skew:        0.092ns (DCD - SCD + CPR)
    Destination Clock Delay (DCD):    2.933ns = ( 22.933 - 20.000 ) 
    Source Clock Delay      (SCD):    2.957ns
    Clock Pessimism Removal (CPR):    0.116ns
  Clock Uncertainty:      0.179ns  ((TSJ^2 + DJ^2)^1/2) / 2 + PE
    Total System Jitter     (TSJ):    0.071ns
    Discrete Jitter          (DJ):    0.350ns
    Phase Error              (PE):    0.000ns

    Location             Delay type                Incr(ns)  Path(ns)    Netlist Resource(s)
  -------------------------------------------------------------------    -------------------
                         (clock clk_50m_mmcm rise edge)
                                                      0.000     0.000 r  <hidden>
    PS7_X0Y0             PS7                          0.000     0.000 r  frame_processor/ps_system/ps_system_i/processing_system7_0/inst/PS7_i/FCLKCLK[1]
                         net (fo=1, routed)           1.207     1.207    frame_processor/ps_system/ps_system_i/processing_system7_0/inst/FCLK_CLK_unbuffered[1]
    BUFGCTRL_X0Y4        BUFG (Prop_bufg_I_O)         0.101     1.308 r  frame_processor/ps_system/ps_system_i/processing_system7_0/inst/buffer_fclk_clk_1.FCLK_CLK_1_BUFG/O
                         net (fo=562, routed)         1.677     2.985    clock_pll/CLK_50M
    MMCME2_ADV_X0Y0      MMCME2_ADV (Prop_mmcme2_adv_CLKIN1_CLKOUT1)
                                                     -3.538    -0.553 r  clock_pll/u_mmcm/CLKOUT1
                         net (fo=1, routed)           1.760     1.207    clock_pll/clk_50m_mmcm
    BUFGCTRL_X0Y1        BUFG (Prop_bufg_I_O)         0.101     1.308 r  clock_pll/u_50m_buf/O
                         net (fo=8016, routed)        1.649     2.957    status_source/clk
    SLICE_X33Y71         FDCE                                         r  status_source/v_reg[1]/C
  -------------------------------------------------------------------    -------------------
    SLICE_X33Y71         FDCE (Prop_fdce_C_Q)         0.419     3.376 f  status_source/v_reg[1]/Q
                         net (fo=6, routed)           0.596     3.972    status_source/mode_overlay/gray_source[0]_INST_0_i_171_0[1]
    SLICE_X34Y71         LUT1 (Prop_lut1_I0_O)        0.299     4.271 r  status_source/mode_overlay/i__i_9/O
                         net (fo=1, routed)           0.000     4.271    status_source/mode_overlay/i__i_9_n_0
    SLICE_X34Y71         CARRY4 (Prop_carry4_S[0]_O[3])
                                                      0.608     4.879 r  status_source/mode_overlay/i__i_2/O[3]
                         net (fo=106, routed)         0.895     5.775    status_source/mode_overlay/y[4]
    SLICE_X33Y76         LUT3 (Prop_lut3_I0_O)        0.307     6.082 r  status_source/mode_overlay/gray_source[0]_INST_0_i_689/O
                         net (fo=1, routed)           0.000     6.082    status_source/mode_overlay/A[1]
    SLICE_X33Y76         CARRY4 (Prop_carry4_S[0]_O[0])
                                                      0.247     6.329 r  status_source/mode_overlay/gray_source[0]_INST_0_i_297/O[0]
                         net (fo=17, routed)          1.009     7.338    status_source/mode_overlay/gray_source[0]_INST_0_i_297_n_7
    SLICE_X30Y80         LUT4 (Prop_lut4_I2_O)        0.299     7.637 r  status_source/mode_overlay/gray_source[0]_INST_0_i_293/O
                         net (fo=39, routed)          0.895     8.532    status_source/mode_overlay/gray_source[0]_INST_0_i_293_n_0
    SLICE_X24Y75         LUT4 (Prop_lut4_I0_O)        0.124     8.656 r  status_source/mode_overlay/gray_source[0]_INST_0_i_780/O
                         net (fo=1, routed)           0.331     8.986    status_source/mode_overlay/gray_source[0]_INST_0_i_780_n_0
    SLICE_X24Y76         CARRY4 (Prop_carry4_DI[3]_CO[3])
                                                      0.396     9.382 r  status_source/mode_overlay/gray_source[0]_INST_0_i_349/CO[3]
                         net (fo=1, routed)           0.000     9.382    status_source/mode_overlay/gray_source[0]_INST_0_i_349_n_0
    SLICE_X24Y77         CARRY4 (Prop_carry4_CI_O[0])
                                                      0.219     9.601 r  status_source/mode_overlay/gray_source[0]_INST_0_i_350/O[0]
                         net (fo=6, routed)           0.938    10.540    status_source/mode_overlay/gray_source[0]_INST_0_i_350_n_7
    SLICE_X26Y73         LUT5 (Prop_lut5_I2_O)        0.289    10.829 f  status_source/mode_overlay/gray_source[0]_INST_0_i_791/O
                         net (fo=1, routed)           0.688    11.516    status_source/mode_overlay/gray_source[0]_INST_0_i_791_n_0
    SLICE_X26Y73         LUT6 (Prop_lut6_I2_O)        0.326    11.842 f  status_source/mode_overlay/gray_source[0]_INST_0_i_351/O
                         net (fo=1, routed)           0.640    12.482    status_source/mode_overlay/gray_source[0]_INST_0_i_351_n_0
    SLICE_X26Y73         LUT6 (Prop_lut6_I5_O)        0.124    12.606 f  status_source/mode_overlay/gray_source[0]_INST_0_i_119/O
                         net (fo=1, routed)           0.825    13.431    status_source/mode_overlay/gray_source[0]_INST_0_i_119_n_0
    SLICE_X24Y74         LUT6 (Prop_lut6_I0_O)        0.124    13.555 f  status_source/mode_overlay/gray_source[0]_INST_0_i_38/O
                         net (fo=1, routed)           0.338    13.893    status_source/mode_overlay/gray_source[0]_INST_0_i_38_n_0
    SLICE_X22Y75         LUT6 (Prop_lut6_I0_O)        0.124    14.017 r  status_source/mode_overlay/gray_source[0]_INST_0_i_10/O
                         net (fo=4, routed)           0.706    14.723    status_source/mode_overlay/gray_source[0]_INST_0_i_10_n_0
    SLICE_X29Y77         LUT6 (Prop_lut6_I0_O)        0.124    14.847 r  status_source/mode_overlay/gray_source[0]_INST_0_i_1601/O
                         net (fo=1, routed)           0.503    15.349    status_source/mode_overlay/gray_source[0]_INST_0_i_1601_n_0
    SLICE_X34Y75         LUT6 (Prop_lut6_I5_O)        0.124    15.473 r  status_source/mode_overlay/gray_source[0]_INST_0_i_1233/O
                         net (fo=4, routed)           0.527    16.000    status_source/mode_overlay/gray_source[0]_INST_0_i_1233_n_0
    SLICE_X34Y75         LUT6 (Prop_lut6_I0_O)        0.124    16.124 r  status_source/mode_overlay/gray_source[0]_INST_0_i_830/O
                         net (fo=2, routed)           0.715    16.840    status_source/mode_overlay/gray_source[0]_INST_0_i_830_n_0
    SLICE_X29Y75         LUT6 (Prop_lut6_I0_O)        0.124    16.964 r  status_source/mode_overlay/gray_source[0]_INST_0_i_370/O
                         net (fo=1, routed)           0.402    17.366    status_source/mode_overlay/gray_source[0]_INST_0_i_370_n_0
    SLICE_X29Y75         LUT5 (Prop_lut5_I2_O)        0.124    17.490 r  status_source/mode_overlay/gray_source[0]_INST_0_i_130/O
                         net (fo=2, routed)           0.572    18.062    status_source/mode_overlay/gray_source[0]_INST_0_i_130_n_0
    SLICE_X28Y77         LUT6 (Prop_lut6_I1_O)        0.124    18.186 r  status_source/mode_overlay/gray_source[0]_INST_0_i_132/O
                         net (fo=1, routed)           0.000    18.186    status_source/mode_overlay/gray_source[0]_INST_0_i_132_n_0
    SLICE_X28Y77         MUXF7 (Prop_muxf7_I1_O)      0.214    18.400 r  status_source/mode_overlay/gray_source[0]_INST_0_i_48/O
                         net (fo=1, routed)           1.066    19.466    status_source/mode_overlay/gray_source[0]_INST_0_i_48_n_0
    SLICE_X29Y72         LUT6 (Prop_lut6_I5_O)        0.297    19.763 r  status_source/mode_overlay/gray_source[0]_INST_0_i_13/O
                         net (fo=1, routed)           0.295    20.058    status_source/mode_overlay/gray_source[0]_INST_0_i_13_n_0
    SLICE_X29Y71         LUT6 (Prop_lut6_I1_O)        0.124    20.182 r  status_source/mode_overlay/gray_source[0]_INST_0_i_4/O
                         net (fo=6, routed)           0.499    20.681    status_source/mode_overlay/gray_source[0]_INST_0_i_4_n_0
    SLICE_X29Y70         LUT5 (Prop_lut5_I4_O)        0.124    20.805 r  status_source/mode_overlay/gray_source[0]_INST_0/O
                         net (fo=3, routed)           0.627    21.432    hdmi_input/gray_source[0]
    SLICE_X32Y71         LUT3 (Prop_lut3_I2_O)        0.124    21.556 r  hdmi_input/input_fifo_i_5/O
                         net (fo=1, routed)           0.498    22.054    frame_processor/input_fifo/gnuram_async_fifo.xpm_fifo_base_inst/gen_sdpram.xpm_memory_base_inst/dina[8]
    RAMB36_X2Y14         RAMB36E1                                     r  frame_processor/input_fifo/gnuram_async_fifo.xpm_fifo_base_inst/gen_sdpram.xpm_memory_base_inst/gen_wr_a.gen_word_narrow.mem_reg_4/DIADI[0]
  -------------------------------------------------------------------    -------------------

                         (clock clk_50m_mmcm rise edge)
                                                     20.000    20.000 r  <hidden>
    PS7_X0Y0             PS7                          0.000    20.000 r  frame_processor/ps_system/ps_system_i/processing_system7_0/inst/PS7_i/FCLKCLK[1]
                         net (fo=1, routed)           1.101    21.101    frame_processor/ps_system/ps_system_i/processing_system7_0/inst/FCLK_CLK_unbuffered[1]
    BUFGCTRL_X0Y4        BUFG (Prop_bufg_I_O)         0.091    21.192 r  frame_processor/ps_system/ps_system_i/processing_system7_0/inst/buffer_fclk_clk_1.FCLK_CLK_1_BUFG/O
                         net (fo=562, routed)         1.487    22.680    clock_pll/CLK_50M
    MMCME2_ADV_X0Y0      MMCME2_ADV (Prop_mmcme2_adv_CLKIN1_CLKOUT1)
                                                     -3.177    19.502 r  clock_pll/u_mmcm/CLKOUT1
                         net (fo=1, routed)           1.599    21.101    clock_pll/clk_50m_mmcm
    BUFGCTRL_X0Y1        BUFG (Prop_bufg_I_O)         0.091    21.192 r  clock_pll/u_50m_buf/O
                         net (fo=8016, routed)        0.133    21.325    clk_50m
    BUFGCTRL_X0Y2        BUFGCTRL (Prop_bufgctrl_I0_O)
                                                      0.091    21.416 r  capture_clock_mux/O
                         net (fo=155, routed)         1.517    22.933    frame_processor/input_fifo/gnuram_async_fifo.xpm_fifo_base_inst/gen_sdpram.xpm_memory_base_inst/clka
    RAMB36_X2Y14         RAMB36E1                                     r  frame_processor/input_fifo/gnuram_async_fifo.xpm_fifo_base_inst/gen_sdpram.xpm_memory_base_inst/gen_wr_a.gen_word_narrow.mem_reg_4/CLKARDCLK
                         clock pessimism              0.116    23.049    <hidden>
                         clock uncertainty           -0.179    22.871    <hidden>
    RAMB36_X2Y14         RAMB36E1 (Setup_ramb36e1_CLKARDCLK_DIADI[0])
                                                     -0.737    22.134    frame_processor/input_fifo/gnuram_async_fifo.xpm_fifo_base_inst/gen_sdpram.xpm_memory_base_inst/gen_wr_a.gen_word_narrow.mem_reg_4
  -------------------------------------------------------------------
                         required time                         22.134    <hidden>
                         arrival time                         -22.054    <hidden>
  -------------------------------------------------------------------
                         slack                                  0.080    <hidden>





Min Delay Paths
--------------------------------------------------------------------------------------
Slack (MET) :             0.050ns  (arrival time - required time)
  Source:                 edid_ila/inst/<hidden>/<hidden>/<hidden>/<hidden>/<hidden>/<hidden>
                            (rising edge-triggered cell FDRE clocked by clk_50m_mmcm  {rise@0.000ns fall@10.000ns period=20.000ns})
  Destination:            edid_ila/inst/<hidden>/<hidden>/<hidden>/<hidden>
                            (rising edge-triggered cell FDRE clocked by clk_50m_mmcm  {rise@0.000ns fall@10.000ns period=20.000ns})
  Path Group:             clk_50m_mmcm
  Path Type:              Hold (Min at Fast Process Corner)
  Requirement:            0.000ns  (clk_50m_mmcm rise@0.000ns - clk_50m_mmcm rise@0.000ns)
  Data Path Delay:        0.403ns  (logic 0.186ns (46.104%)  route 0.217ns (53.896%))
  Logic Levels:           1  (LUT6=1)
  Clock Path Skew:        0.261ns (DCD - SCD - CPR)
    Destination Clock Delay (DCD):    1.196ns
    Source Clock Delay      (SCD):    0.901ns
    Clock Pessimism Removal (CPR):    0.034ns

    Location             Delay type                Incr(ns)  Path(ns)    Netlist Resource(s)
  -------------------------------------------------------------------    -------------------
                         (clock clk_50m_mmcm rise edge)
                                                      0.000     0.000 r  <hidden>
    PS7_X0Y0             PS7                          0.000     0.000 r  frame_processor/ps_system/ps_system_i/processing_system7_0/inst/PS7_i/FCLKCLK[1]
                         net (fo=1, routed)           0.315     0.315    frame_processor/ps_system/ps_system_i/processing_system7_0/inst/FCLK_CLK_unbuffered[1]
    BUFGCTRL_X0Y4        BUFG (Prop_bufg_I_O)         0.026     0.341 r  frame_processor/ps_system/ps_system_i/processing_system7_0/inst/buffer_fclk_clk_1.FCLK_CLK_1_BUFG/O
                         net (fo=562, routed)         0.546     0.887    clock_pll/CLK_50M
    MMCME2_ADV_X0Y0      MMCME2_ADV (Prop_mmcme2_adv_CLKIN1_CLKOUT1)
                                                     -1.053    -0.167 r  clock_pll/u_mmcm/CLKOUT1
                         net (fo=1, routed)           0.482     0.315    clock_pll/clk_50m_mmcm
    BUFGCTRL_X0Y1        BUFG (Prop_bufg_I_O)         0.026     0.341 r  clock_pll/u_50m_buf/O
                         net (fo=8016, routed)        0.560     0.901    edid_ila/inst/<hidden>/<hidden>/<hidden>/<hidden>/<hidden>
    SLICE_X15Y92         FDRE                                         r  edid_ila/inst/<hidden>/<hidden>/<hidden>/<hidden>/<hidden>/<hidden>
  -------------------------------------------------------------------    -------------------
    SLICE_X15Y92         FDRE (Prop_fdre_C_Q)         0.141     1.042 r  edid_ila/inst/<hidden>/<hidden>/<hidden>/<hidden>/<hidden>/<hidden>
                         net (fo=1, routed)           0.217     1.259    edid_ila/inst/<hidden>/<hidden>/<hidden>
    SLICE_X25Y92         LUT6 (Prop_lut6_I2_O)        0.045     1.304 r  edid_ila/inst/<hidden>/<hidden>/<hidden>/<hidden>
                         net (fo=1, routed)           0.000     1.304    edid_ila/inst/<hidden>/<hidden>/<hidden>
    SLICE_X25Y92         FDRE                                         r  edid_ila/inst/<hidden>/<hidden>/<hidden>/<hidden>
  -------------------------------------------------------------------    -------------------

                         (clock clk_50m_mmcm rise edge)
                                                      0.000     0.000 r  <hidden>
    PS7_X0Y0             PS7                          0.000     0.000 r  frame_processor/ps_system/ps_system_i/processing_system7_0/inst/PS7_i/FCLKCLK[1]
                         net (fo=1, routed)           0.341     0.341    frame_processor/ps_system/ps_system_i/processing_system7_0/inst/FCLK_CLK_unbuffered[1]
    BUFGCTRL_X0Y4        BUFG (Prop_bufg_I_O)         0.029     0.370 r  frame_processor/ps_system/ps_system_i/processing_system7_0/inst/buffer_fclk_clk_1.FCLK_CLK_1_BUFG/O
                         net (fo=562, routed)         0.812     1.182    clock_pll/CLK_50M
    MMCME2_ADV_X0Y0      MMCME2_ADV (Prop_mmcme2_adv_CLKIN1_CLKOUT1)
                                                     -1.369    -0.187 r  clock_pll/u_mmcm/CLKOUT1
                         net (fo=1, routed)           0.528     0.341    clock_pll/clk_50m_mmcm
    BUFGCTRL_X0Y1        BUFG (Prop_bufg_I_O)         0.029     0.370 r  clock_pll/u_50m_buf/O
                         net (fo=8016, routed)        0.826     1.196    edid_ila/inst/<hidden>/<hidden>/<hidden>
    SLICE_X25Y92         FDRE                                         r  edid_ila/inst/<hidden>/<hidden>/<hidden>/<hidden>
                         clock pessimism             -0.034     1.162    <hidden>
    SLICE_X25Y92         FDRE (Hold_fdre_C_D)         0.092     1.254    edid_ila/inst/<hidden>/<hidden>/<hidden>
  -------------------------------------------------------------------
                         required time                         -1.254    <hidden>
                         arrival time                           1.304    <hidden>
  -------------------------------------------------------------------
                         slack                                  0.050    <hidden>





Pulse Width Checks
--------------------------------------------------------------------------------------
Clock Name:         clk_50m_mmcm
Waveform(ns):       { 0.000 10.000 }
Period(ns):         20.000
Sources:            { clock_pll/u_mmcm/CLKOUT1 }

Check Type        Corner  Lib Pin             Reference Pin  Required(ns)  Actual(ns)  Slack(ns)  Location         Pin
Min Period        n/a     RAMB18E1/CLKBWRCLK  n/a            2.944         20.000      17.056     RAMB18_X0Y34     edid_ila/inst/<hidden>/<hidden>/<hidden>/inst_blk_mem_gen/gnbram.gnativebmg.native_blk_mem_gen/valid.cstr/ramloop[0].ram.r/prim_noinit.ram/DEVICE_7SERIES.NO_BMM_INFO.SDP.SIMPLE_PRIM18.ram/CLKBWRCLK
Max Period        n/a     MMCME2_ADV/CLKOUT1  n/a            213.360       20.000      193.360    MMCME2_ADV_X0Y0  clock_pll/u_mmcm/CLKOUT1
Low Pulse Width   Slow    RAMD32/CLK          n/a            1.250         10.000      8.750      SLICE_X34Y86     dbg_hub/inst/BSCANID.u_xsdbm_id/CORE_XSDB.UUT_MASTER/U_ICON_INTERFACE/U_CMD6_RD/U_RD_FIFO/SUBCORE_FIFO.xsdbm_v3_0_6_rdfifo_inst/inst_fifo_gen/gconvfifo.rf/grf.rf/gntv_or_sync_fifo.mem/gdm.dm_gen.dm/RAM_reg_0_15_0_5/RAMA/CLK
High Pulse Width  Slow    RAMD32/CLK          n/a            1.250         10.000      8.750      SLICE_X34Y86     dbg_hub/inst/BSCANID.u_xsdbm_id/CORE_XSDB.UUT_MASTER/U_ICON_INTERFACE/U_CMD6_RD/U_RD_FIFO/SUBCORE_FIFO.xsdbm_v3_0_6_rdfifo_inst/inst_fifo_gen/gconvfifo.rf/grf.rf/gntv_or_sync_fifo.mem/gdm.dm_gen.dm/RAM_reg_0_15_0_5/RAMA/CLK



---------------------------------------------------------------------------------------------------
From Clock:  ADV_I2C_BITCLK
  To Clock:  ADV_I2C_BITCLK

Setup :            0  Failing Endpoints,  Worst Slack     2493.865ns,  Total Violation        0.000ns
Hold  :            0  Failing Endpoints,  Worst Slack        0.181ns,  Total Violation        0.000ns
PW    :            0  Failing Endpoints,  Worst Slack     2499.500ns,  Total Violation        0.000ns
---------------------------------------------------------------------------------------------------


Max Delay Paths
--------------------------------------------------------------------------------------
Slack (MET) :             2493.865ns  (required time - arrival time)
  Source:                 adv7611_manager/iic_ctrl/iic_sda_r_reg/C
                            (rising edge-triggered cell FDPE clocked by ADV_I2C_BITCLK  {rise@0.000ns fall@2500.000ns period=5000.000ns})
  Destination:            adv7611_manager/iic_ctrl/FSM_sequential_IIC_S_reg[0]/D
                            (falling edge-triggered cell FDPE clocked by ADV_I2C_BITCLK  {rise@0.000ns fall@2500.000ns period=5000.000ns})
  Path Group:             ADV_I2C_BITCLK
  Path Type:              Setup (Max at Slow Process Corner)
  Requirement:            2500.000ns  (ADV_I2C_BITCLK fall@2500.000ns - ADV_I2C_BITCLK rise@0.000ns)
  Data Path Delay:        5.865ns  (logic 0.704ns (12.004%)  route 5.161ns (87.996%))
  Logic Levels:           2  (LUT4=1 LUT5=1)
  Clock Path Skew:        -0.014ns (DCD - SCD + CPR)
    Destination Clock Delay (DCD):    6.665ns = ( 2506.665 - 2500.000 ) 
    Source Clock Delay      (SCD):    7.511ns
    Clock Pessimism Removal (CPR):    0.831ns
  Clock Uncertainty:      0.179ns  ((TSJ^2 + DJ^2)^1/2) / 2 + PE
    Total System Jitter     (TSJ):    0.071ns
    Discrete Jitter          (DJ):    0.350ns
    Phase Error              (PE):    0.000ns

    Location             Delay type                Incr(ns)  Path(ns)    Netlist Resource(s)
  -------------------------------------------------------------------    -------------------
                         (clock ADV_I2C_BITCLK rise edge)
                                                      0.000     0.000 r  <hidden>
    PS7_X0Y0             PS7                          0.000     0.000 r  frame_processor/ps_system/ps_system_i/processing_system7_0/inst/PS7_i/FCLKCLK[1]
                         net (fo=1, routed)           1.207     1.207    frame_processor/ps_system/ps_system_i/processing_system7_0/inst/FCLK_CLK_unbuffered[1]
    BUFGCTRL_X0Y4        BUFG (Prop_bufg_I_O)         0.101     1.308 r  frame_processor/ps_system/ps_system_i/processing_system7_0/inst/buffer_fclk_clk_1.FCLK_CLK_1_BUFG/O
                         net (fo=562, routed)         1.677     2.985    clock_pll/CLK_50M
    MMCME2_ADV_X0Y0      MMCME2_ADV (Prop_mmcme2_adv_CLKIN1_CLKOUT1)
                                                     -3.538    -0.553 r  clock_pll/u_mmcm/CLKOUT1
                         net (fo=1, routed)           1.760     1.207    clock_pll/clk_50m_mmcm
    BUFGCTRL_X0Y1        BUFG (Prop_bufg_I_O)         0.101     1.308 r  clock_pll/u_50m_buf/O
                         net (fo=8016, routed)        1.661     2.969    adv7611_manager/iic_ctrl/clk
    SLICE_X8Y82          FDCE (Prop_fdce_C_Q)         0.518     3.487 r  adv7611_manager/iic_ctrl/scl_clk_reg/Q
                         net (fo=3, routed)           2.260     5.747    adv7611_manager/iic_ctrl_n_85
    BUFGCTRL_X0Y7        BUFG (Prop_bufg_I_O)         0.101     5.848 r  adv7611_manager/iic_ack_error_reg_i_2/O
                         net (fo=50, routed)          1.663     7.511    adv7611_manager/iic_ctrl/CLK
    SLICE_X7Y84          FDPE                                         r  adv7611_manager/iic_ctrl/iic_sda_r_reg/C
  -------------------------------------------------------------------    -------------------
    SLICE_X7Y84          FDPE (Prop_fdpe_C_Q)         0.456     7.967 f  adv7611_manager/iic_ctrl/iic_sda_r_reg/Q
                         net (fo=4, routed)           0.970     8.936    adv7611_manager/iic_ctrl/iic_sda_r
    SLICE_X7Y83          LUT4 (Prop_lut4_I2_O)        0.124     9.060 r  adv7611_manager/iic_ctrl/FSM_sequential_IIC_S[0]_i_2/O
                         net (fo=1, routed)           2.164    11.224    adv7611_manager/iic_ctrl/FSM_sequential_IIC_S[0]_i_2_n_0
    SLICE_X5Y83          LUT5 (Prop_lut5_I0_O)        0.124    11.348 r  adv7611_manager/iic_ctrl/FSM_sequential_IIC_S[0]_i_1/O
                         net (fo=1, routed)           2.027    13.375    adv7611_manager/iic_ctrl/FSM_sequential_IIC_S[0]_i_1_n_0
    SLICE_X5Y84          FDPE                                         r  adv7611_manager/iic_ctrl/FSM_sequential_IIC_S_reg[0]/D
  -------------------------------------------------------------------    -------------------

                         (clock ADV_I2C_BITCLK fall edge)
                                                   2500.000  2500.000 r  <hidden>
    PS7_X0Y0             PS7                          0.000  2500.000 r  frame_processor/ps_system/ps_system_i/processing_system7_0/inst/PS7_i/FCLKCLK[1]
                         net (fo=1, routed)           1.101  2501.101    frame_processor/ps_system/ps_system_i/processing_system7_0/inst/FCLK_CLK_unbuffered[1]
    BUFGCTRL_X0Y4        BUFG (Prop_bufg_I_O)         0.091  2501.192 r  frame_processor/ps_system/ps_system_i/processing_system7_0/inst/buffer_fclk_clk_1.FCLK_CLK_1_BUFG/O
                         net (fo=562, routed)         1.487  2502.679    clock_pll/CLK_50M
    MMCME2_ADV_X0Y0      MMCME2_ADV (Prop_mmcme2_adv_CLKIN1_CLKOUT1)
                                                     -3.177  2499.502 r  clock_pll/u_mmcm/CLKOUT1
                         net (fo=1, routed)           1.599  2501.101    clock_pll/clk_50m_mmcm
    BUFGCTRL_X0Y1        BUFG (Prop_bufg_I_O)         0.091  2501.192 r  clock_pll/u_50m_buf/O
                         net (fo=8016, routed)        1.489  2502.681    adv7611_manager/iic_ctrl/clk
    SLICE_X8Y82          FDCE (Prop_fdce_C_Q)         0.418  2503.099 f  adv7611_manager/iic_ctrl/scl_clk_reg/Q
                         net (fo=3, routed)           1.941  2505.039    adv7611_manager/iic_ctrl_n_85
    BUFGCTRL_X0Y7        BUFG (Prop_bufg_I_O)         0.091  2505.130 f  adv7611_manager/iic_ack_error_reg_i_2/O
                         net (fo=50, routed)          1.535  2506.665    adv7611_manager/iic_ctrl/CLK
    SLICE_X5Y84          FDPE                                         r  adv7611_manager/iic_ctrl/FSM_sequential_IIC_S_reg[0]/C  (IS_INVERTED)
                         clock pessimism              0.831  2507.496    <hidden>
                         clock uncertainty           -0.179  2507.318    <hidden>
    SLICE_X5Y84          FDPE (Setup_fdpe_C_D)       -0.078  2507.240    adv7611_manager/iic_ctrl/FSM_sequential_IIC_S_reg[0]
  -------------------------------------------------------------------
                         required time                       2507.240    <hidden>
                         arrival time                         -13.375    <hidden>
  -------------------------------------------------------------------
                         slack                               2493.865    <hidden>





Min Delay Paths
--------------------------------------------------------------------------------------
Slack (MET) :             0.181ns  (arrival time - required time)
  Source:                 adv7611_manager/iic_ctrl/FSM_sequential_IIC_S_reg[2]/C
                            (falling edge-triggered cell FDCE clocked by ADV_I2C_BITCLK  {rise@0.000ns fall@2500.000ns period=5000.000ns})
  Destination:            adv7611_manager/iic_ctrl/FSM_sequential_IIC_S_reg[1]/D
                            (falling edge-triggered cell FDCE clocked by ADV_I2C_BITCLK  {rise@0.000ns fall@2500.000ns period=5000.000ns})
  Path Group:             ADV_I2C_BITCLK
  Path Type:              Hold (Min at Fast Process Corner)
  Requirement:            0.000ns  (ADV_I2C_BITCLK fall@2500.000ns - ADV_I2C_BITCLK fall@2500.000ns)
  Data Path Delay:        0.318ns  (logic 0.191ns (60.131%)  route 0.127ns (39.890%))
  Logic Levels:           1  (LUT6=1)
  Clock Path Skew:        0.013ns (DCD - SCD - CPR)
    Destination Clock Delay (DCD):    3.370ns = ( 2503.370 - 2500.000 ) 
    Source Clock Delay      (SCD):    2.626ns = ( 2502.626 - 2500.000 ) 
    Clock Pessimism Removal (CPR):    0.731ns

    Location             Delay type                Incr(ns)  Path(ns)    Netlist Resource(s)
  -------------------------------------------------------------------    -------------------
                         (clock ADV_I2C_BITCLK fall edge)
                                                   2500.000  2500.000 f  <hidden>
    PS7_X0Y0             PS7                          0.000  2500.000 r  frame_processor/ps_system/ps_system_i/processing_system7_0/inst/PS7_i/FCLKCLK[1]
                         net (fo=1, routed)           0.315  2500.315    frame_processor/ps_system/ps_system_i/processing_system7_0/inst/FCLK_CLK_unbuffered[1]
    BUFGCTRL_X0Y4        BUFG (Prop_bufg_I_O)         0.026  2500.341 r  frame_processor/ps_system/ps_system_i/processing_system7_0/inst/buffer_fclk_clk_1.FCLK_CLK_1_BUFG/O
                         net (fo=562, routed)         0.546  2500.886    clock_pll/CLK_50M
    MMCME2_ADV_X0Y0      MMCME2_ADV (Prop_mmcme2_adv_CLKIN1_CLKOUT1)
                                                     -1.053  2499.833 r  clock_pll/u_mmcm/CLKOUT1
                         net (fo=1, routed)           0.482  2500.315    clock_pll/clk_50m_mmcm
    BUFGCTRL_X0Y1        BUFG (Prop_bufg_I_O)         0.026  2500.341 r  clock_pll/u_50m_buf/O
                         net (fo=8016, routed)        0.558  2500.898    adv7611_manager/iic_ctrl/clk
    SLICE_X8Y82          FDCE (Prop_fdce_C_Q)         0.164  2501.062 f  adv7611_manager/iic_ctrl/scl_clk_reg/Q
                         net (fo=3, routed)           0.959  2502.021    adv7611_manager/iic_ctrl_n_85
    BUFGCTRL_X0Y7        BUFG (Prop_bufg_I_O)         0.026  2502.047 f  adv7611_manager/iic_ack_error_reg_i_2/O
                         net (fo=50, routed)          0.579  2502.625    adv7611_manager/iic_ctrl/CLK
    SLICE_X5Y84          FDCE                                         r  adv7611_manager/iic_ctrl/FSM_sequential_IIC_S_reg[2]/C  (IS_INVERTED)
  -------------------------------------------------------------------    -------------------
    SLICE_X5Y84          FDCE (Prop_fdce_C_Q)         0.146  2502.771 r  adv7611_manager/iic_ctrl/FSM_sequential_IIC_S_reg[2]/Q
                         net (fo=44, routed)          0.127  2502.898    adv7611_manager/iic_ctrl/IIC_S[2]
    SLICE_X4Y84          LUT6 (Prop_lut6_I2_O)        0.045  2502.943 r  adv7611_manager/iic_ctrl/FSM_sequential_IIC_S[1]_i_1/O
                         net (fo=1, routed)           0.000  2502.943    adv7611_manager/iic_ctrl/FSM_sequential_IIC_S[1]_i_1_n_0
    SLICE_X4Y84          FDCE                                         r  adv7611_manager/iic_ctrl/FSM_sequential_IIC_S_reg[1]/D
  -------------------------------------------------------------------    -------------------

                         (clock ADV_I2C_BITCLK fall edge)
                                                   2500.000  2500.000 r  <hidden>
    PS7_X0Y0             PS7                          0.000  2500.000 r  frame_processor/ps_system/ps_system_i/processing_system7_0/inst/PS7_i/FCLKCLK[1]
                         net (fo=1, routed)           0.341  2500.341    frame_processor/ps_system/ps_system_i/processing_system7_0/inst/FCLK_CLK_unbuffered[1]
    BUFGCTRL_X0Y4        BUFG (Prop_bufg_I_O)         0.029  2500.370 r  frame_processor/ps_system/ps_system_i/processing_system7_0/inst/buffer_fclk_clk_1.FCLK_CLK_1_BUFG/O
                         net (fo=562, routed)         0.812  2501.182    clock_pll/CLK_50M
    MMCME2_ADV_X0Y0      MMCME2_ADV (Prop_mmcme2_adv_CLKIN1_CLKOUT1)
                                                     -1.369  2499.813 r  clock_pll/u_mmcm/CLKOUT1
                         net (fo=1, routed)           0.528  2500.341    clock_pll/clk_50m_mmcm
    BUFGCTRL_X0Y1        BUFG (Prop_bufg_I_O)         0.029  2500.370 r  clock_pll/u_50m_buf/O
                         net (fo=8016, routed)        0.825  2501.195    adv7611_manager/iic_ctrl/clk
    SLICE_X8Y82          FDCE (Prop_fdce_C_Q)         0.204  2501.399 f  adv7611_manager/iic_ctrl/scl_clk_reg/Q
                         net (fo=3, routed)           1.096  2502.495    adv7611_manager/iic_ctrl_n_85
    BUFGCTRL_X0Y7        BUFG (Prop_bufg_I_O)         0.029  2502.524 f  adv7611_manager/iic_ack_error_reg_i_2/O
                         net (fo=50, routed)          0.846  2503.370    adv7611_manager/iic_ctrl/CLK
    SLICE_X4Y84          FDCE                                         r  adv7611_manager/iic_ctrl/FSM_sequential_IIC_S_reg[1]/C  (IS_INVERTED)
                         clock pessimism             -0.731  2502.639    <hidden>
    SLICE_X4Y84          FDCE (Hold_fdce_C_D)         0.124  2502.763    adv7611_manager/iic_ctrl/FSM_sequential_IIC_S_reg[1]
  -------------------------------------------------------------------
                         required time                      -2502.763    <hidden>
                         arrival time                        2502.943    <hidden>
  -------------------------------------------------------------------
                         slack                                  0.181    <hidden>





Pulse Width Checks
--------------------------------------------------------------------------------------
Clock Name:         ADV_I2C_BITCLK
Waveform(ns):       { 0.000 2500.000 }
Period(ns):         5000.000
Sources:            { adv7611_manager/iic_ctrl/scl_clk_reg/Q }

Check Type        Corner  Lib Pin  Reference Pin  Required(ns)  Actual(ns)  Slack(ns)  Location       Pin
Min Period        n/a     BUFG/I   n/a            2.155         5000.000    4997.845   BUFGCTRL_X0Y7  adv7611_manager/iic_ack_error_reg_i_2/I
Low Pulse Width   Slow    FDPE/C   n/a            0.500         2500.000    2499.500   SLICE_X5Y84    adv7611_manager/iic_ctrl/FSM_sequential_IIC_S_reg[0]/C
High Pulse Width  Slow    FDPE/C   n/a            0.500         2500.000    2499.500   SLICE_X5Y84    adv7611_manager/iic_ctrl/FSM_sequential_IIC_S_reg[0]/C



---------------------------------------------------------------------------------------------------
From Clock:  clkfb
  To Clock:  clkfb

Setup :           NA  Failing Endpoints,  Worst Slack           NA  ,  Total Violation           NA
Hold  :           NA  Failing Endpoints,  Worst Slack           NA  ,  Total Violation           NA
PW    :            0  Failing Endpoints,  Worst Slack       17.845ns,  Total Violation        0.000ns
---------------------------------------------------------------------------------------------------


Pulse Width Checks
--------------------------------------------------------------------------------------
Clock Name:         clkfb
Waveform(ns):       { 0.000 10.000 }
Period(ns):         20.000
Sources:            { clock_pll/u_mmcm/CLKFBOUT }

Check Type  Corner  Lib Pin             Reference Pin  Required(ns)  Actual(ns)  Slack(ns)  Location         Pin
Min Period  n/a     BUFG/I              n/a            2.155         20.000      17.845     BUFGCTRL_X0Y8    clock_pll/u_fb_buf/I
Max Period  n/a     MMCME2_ADV/CLKFBIN  n/a            100.000       20.000      80.000     MMCME2_ADV_X0Y0  clock_pll/u_mmcm/CLKFBIN



---------------------------------------------------------------------------------------------------
From Clock:  epd_clk_mmcm
  To Clock:  epd_clk_mmcm

Setup :            0  Failing Endpoints,  Worst Slack        4.976ns,  Total Violation        0.000ns
Hold  :            0  Failing Endpoints,  Worst Slack        0.119ns,  Total Violation        0.000ns
PW    :            0  Failing Endpoints,  Worst Slack       10.846ns,  Total Violation        0.000ns
---------------------------------------------------------------------------------------------------


Max Delay Paths
--------------------------------------------------------------------------------------
Slack (MET) :             4.976ns  (required time - arrival time)
  Source:                 display_manager/frame_ctrl/XSTL_reg/C
                            (falling edge-triggered cell FDPE clocked by epd_clk_mmcm  {rise@0.000ns fall@11.346ns period=22.692ns})
  Destination:            frame_processor/reader/drive_fifo/xpm_fifo_async/gnuram_async_fifo.xpm_fifo_base_inst/gen_sdpram.xpm_memory_base_inst/gen_wr_a.gen_word_narrow.mem_reg/ENARDEN
                            (rising edge-triggered cell RAMB36E1 clocked by epd_clk_mmcm  {rise@0.000ns fall@11.346ns period=22.692ns})
  Path Group:             epd_clk_mmcm
  Path Type:              Setup (Max at Slow Process Corner)
  Requirement:            11.346ns  (epd_clk_mmcm rise@22.692ns - epd_clk_mmcm fall@11.346ns)
  Data Path Delay:        5.554ns  (logic 1.059ns (19.067%)  route 4.495ns (80.933%))
  Logic Levels:           3  (LUT2=1 LUT4=1 LUT6=1)
  Clock Path Skew:        -0.188ns (DCD - SCD + CPR)
    Destination Clock Delay (DCD):    2.727ns = ( 25.419 - 22.692 ) 
    Source Clock Delay      (SCD):    3.031ns = ( 14.377 - 11.346 ) 
    Clock Pessimism Removal (CPR):    0.116ns
  Clock Uncertainty:      0.185ns  ((TSJ^2 + DJ^2)^1/2) / 2 + PE
    Total System Jitter     (TSJ):    0.071ns
    Discrete Jitter          (DJ):    0.363ns
    Phase Error              (PE):    0.000ns

    Location             Delay type                Incr(ns)  Path(ns)    Netlist Resource(s)
  -------------------------------------------------------------------    -------------------
                         (clock epd_clk_mmcm fall edge)
                                                     11.346    11.346 f  <hidden>
    PS7_X0Y0             PS7                          0.000    11.346 f  frame_processor/ps_system/ps_system_i/processing_system7_0/inst/PS7_i/FCLKCLK[1]
                         net (fo=1, routed)           1.207    12.553    frame_processor/ps_system/ps_system_i/processing_system7_0/inst/FCLK_CLK_unbuffered[1]
    BUFGCTRL_X0Y4        BUFG (Prop_bufg_I_O)         0.101    12.654 f  frame_processor/ps_system/ps_system_i/processing_system7_0/inst/buffer_fclk_clk_1.FCLK_CLK_1_BUFG/O
                         net (fo=562, routed)         1.677    14.331    clock_pll/CLK_50M
    MMCME2_ADV_X0Y0      MMCME2_ADV (Prop_mmcme2_adv_CLKIN1_CLKOUT0)
                                                     -3.538    10.793 f  clock_pll/u_mmcm/CLKOUT0
                         net (fo=1, routed)           1.760    12.553    clock_pll/epd_clk_mmcm
    BUFGCTRL_X0Y0        BUFG (Prop_bufg_I_O)         0.101    12.654 f  clock_pll/u_epd_buf/O
                         net (fo=203, routed)         1.723    14.377    display_manager/frame_ctrl/EPD_XCL_OBUF
    SLICE_X43Y74         FDPE                                         r  display_manager/frame_ctrl/XSTL_reg/C  (IS_INVERTED)
  -------------------------------------------------------------------    -------------------
    SLICE_X43Y74         FDPE (Prop_fdpe_C_Q)         0.459    14.836 f  display_manager/frame_ctrl/XSTL_reg/Q
                         net (fo=89, routed)          2.811    17.648    display_manager/frame_ctrl/XSTL_reg_0
    SLICE_X43Y37         LUT2 (Prop_lut2_I0_O)        0.150    17.798 r  display_manager/frame_ctrl/xpm_fifo_async_i_2/O
                         net (fo=3, routed)           0.464    18.261    display_manager/data_mgr/line_word_cnt_reg[6]_0
    SLICE_X43Y37         LUT6 (Prop_lut6_I0_O)        0.326    18.587 r  display_manager/data_mgr/xpm_fifo_async_i_1/O
                         net (fo=11, routed)          0.459    19.046    frame_processor/reader/drive_fifo/xpm_fifo_async/gnuram_async_fifo.xpm_fifo_base_inst/rdp_inst/rd_en
    SLICE_X41Y35         LUT4 (Prop_lut4_I2_O)        0.124    19.170 r  frame_processor/reader/drive_fifo/xpm_fifo_async/gnuram_async_fifo.xpm_fifo_base_inst/rdp_inst/gen_sdpram.xpm_memory_base_inst_i_2/O
                         net (fo=19, routed)          0.761    19.931    frame_processor/reader/drive_fifo/xpm_fifo_async/gnuram_async_fifo.xpm_fifo_base_inst/gen_sdpram.xpm_memory_base_inst/enb
    RAMB36_X2Y7          RAMB36E1                                     r  frame_processor/reader/drive_fifo/xpm_fifo_async/gnuram_async_fifo.xpm_fifo_base_inst/gen_sdpram.xpm_memory_base_inst/gen_wr_a.gen_word_narrow.mem_reg/ENARDEN
  -------------------------------------------------------------------    -------------------

                         (clock epd_clk_mmcm rise edge)
                                                     22.692    22.692 r  <hidden>
    PS7_X0Y0             PS7                          0.000    22.692 r  frame_processor/ps_system/ps_system_i/processing_system7_0/inst/PS7_i/FCLKCLK[1]
                         net (fo=1, routed)           1.101    23.793    frame_processor/ps_system/ps_system_i/processing_system7_0/inst/FCLK_CLK_unbuffered[1]
    BUFGCTRL_X0Y4        BUFG (Prop_bufg_I_O)         0.091    23.884 r  frame_processor/ps_system/ps_system_i/processing_system7_0/inst/buffer_fclk_clk_1.FCLK_CLK_1_BUFG/O
                         net (fo=562, routed)         1.487    25.372    clock_pll/CLK_50M
    MMCME2_ADV_X0Y0      MMCME2_ADV (Prop_mmcme2_adv_CLKIN1_CLKOUT0)
                                                     -3.177    22.194 r  clock_pll/u_mmcm/CLKOUT0
                         net (fo=1, routed)           1.599    23.793    clock_pll/epd_clk_mmcm
    BUFGCTRL_X0Y0        BUFG (Prop_bufg_I_O)         0.091    23.884 r  clock_pll/u_epd_buf/O
                         net (fo=203, routed)         1.535    25.419    frame_processor/reader/drive_fifo/xpm_fifo_async/gnuram_async_fifo.xpm_fifo_base_inst/gen_sdpram.xpm_memory_base_inst/clkb
    RAMB36_X2Y7          RAMB36E1                                     r  frame_processor/reader/drive_fifo/xpm_fifo_async/gnuram_async_fifo.xpm_fifo_base_inst/gen_sdpram.xpm_memory_base_inst/gen_wr_a.gen_word_narrow.mem_reg/CLKARDCLK
                         clock pessimism              0.116    25.535    <hidden>
                         clock uncertainty           -0.185    25.350    <hidden>
    RAMB36_X2Y7          RAMB36E1 (Setup_ramb36e1_CLKARDCLK_ENARDEN)
                                                     -0.443    24.907    frame_processor/reader/drive_fifo/xpm_fifo_async/gnuram_async_fifo.xpm_fifo_base_inst/gen_sdpram.xpm_memory_base_inst/gen_wr_a.gen_word_narrow.mem_reg
  -------------------------------------------------------------------
                         required time                         24.907    <hidden>
                         arrival time                         -19.931    <hidden>
  -------------------------------------------------------------------
                         slack                                  4.976    <hidden>





Min Delay Paths
--------------------------------------------------------------------------------------
Slack (MET) :             0.119ns  (arrival time - required time)
  Source:                 frame_processor/reader/drive_fifo/xpm_fifo_async/gnuram_async_fifo.xpm_fifo_base_inst/gen_cdc_pntr.wr_pntr_cdc_inst/dest_graysync_ff_reg[0][6]/C
                            (rising edge-triggered cell FDRE clocked by epd_clk_mmcm  {rise@0.000ns fall@11.346ns period=22.692ns})
  Destination:            frame_processor/reader/drive_fifo/xpm_fifo_async/gnuram_async_fifo.xpm_fifo_base_inst/gen_cdc_pntr.wr_pntr_cdc_inst/dest_graysync_ff_reg[1][6]/D
                            (rising edge-triggered cell FDRE clocked by epd_clk_mmcm  {rise@0.000ns fall@11.346ns period=22.692ns})
  Path Group:             epd_clk_mmcm
  Path Type:              Hold (Min at Fast Process Corner)
  Requirement:            0.000ns  (epd_clk_mmcm rise@0.000ns - epd_clk_mmcm rise@0.000ns)
  Data Path Delay:        0.197ns  (logic 0.141ns (71.611%)  route 0.056ns (28.389%))
  Logic Levels:           0  
  Clock Path Skew:        0.000ns (DCD - SCD - CPR)
    Destination Clock Delay (DCD):    1.219ns
    Source Clock Delay      (SCD):    0.923ns
    Clock Pessimism Removal (CPR):    0.296ns

    Location             Delay type                Incr(ns)  Path(ns)    Netlist Resource(s)
  -------------------------------------------------------------------    -------------------
                         (clock epd_clk_mmcm rise edge)
                                                      0.000     0.000 r  <hidden>
    PS7_X0Y0             PS7                          0.000     0.000 r  frame_processor/ps_system/ps_system_i/processing_system7_0/inst/PS7_i/FCLKCLK[1]
                         net (fo=1, routed)           0.315     0.315    frame_processor/ps_system/ps_system_i/processing_system7_0/inst/FCLK_CLK_unbuffered[1]
    BUFGCTRL_X0Y4        BUFG (Prop_bufg_I_O)         0.026     0.341 r  frame_processor/ps_system/ps_system_i/processing_system7_0/inst/buffer_fclk_clk_1.FCLK_CLK_1_BUFG/O
                         net (fo=562, routed)         0.546     0.887    clock_pll/CLK_50M
    MMCME2_ADV_X0Y0      MMCME2_ADV (Prop_mmcme2_adv_CLKIN1_CLKOUT0)
                                                     -1.053    -0.167 r  clock_pll/u_mmcm/CLKOUT0
                         net (fo=1, routed)           0.482     0.315    clock_pll/epd_clk_mmcm
    BUFGCTRL_X0Y0        BUFG (Prop_bufg_I_O)         0.026     0.341 r  clock_pll/u_epd_buf/O
                         net (fo=203, routed)         0.582     0.923    frame_processor/reader/drive_fifo/xpm_fifo_async/gnuram_async_fifo.xpm_fifo_base_inst/gen_cdc_pntr.wr_pntr_cdc_inst/dest_clk
    SLICE_X37Y30         FDRE                                         r  frame_processor/reader/drive_fifo/xpm_fifo_async/gnuram_async_fifo.xpm_fifo_base_inst/gen_cdc_pntr.wr_pntr_cdc_inst/dest_graysync_ff_reg[0][6]/C
  -------------------------------------------------------------------    -------------------
    SLICE_X37Y30         FDRE (Prop_fdre_C_Q)         0.141     1.064 r  frame_processor/reader/drive_fifo/xpm_fifo_async/gnuram_async_fifo.xpm_fifo_base_inst/gen_cdc_pntr.wr_pntr_cdc_inst/dest_graysync_ff_reg[0][6]/Q
                         net (fo=1, routed)           0.056     1.119    frame_processor/reader/drive_fifo/xpm_fifo_async/gnuram_async_fifo.xpm_fifo_base_inst/gen_cdc_pntr.wr_pntr_cdc_inst/dest_graysync_ff[0][6]
    SLICE_X37Y30         FDRE                                         r  frame_processor/reader/drive_fifo/xpm_fifo_async/gnuram_async_fifo.xpm_fifo_base_inst/gen_cdc_pntr.wr_pntr_cdc_inst/dest_graysync_ff_reg[1][6]/D
  -------------------------------------------------------------------    -------------------

                         (clock epd_clk_mmcm rise edge)
                                                      0.000     0.000 r  <hidden>
    PS7_X0Y0             PS7                          0.000     0.000 r  frame_processor/ps_system/ps_system_i/processing_system7_0/inst/PS7_i/FCLKCLK[1]
                         net (fo=1, routed)           0.341     0.341    frame_processor/ps_system/ps_system_i/processing_system7_0/inst/FCLK_CLK_unbuffered[1]
    BUFGCTRL_X0Y4        BUFG (Prop_bufg_I_O)         0.029     0.370 r  frame_processor/ps_system/ps_system_i/processing_system7_0/inst/buffer_fclk_clk_1.FCLK_CLK_1_BUFG/O
                         net (fo=562, routed)         0.812     1.182    clock_pll/CLK_50M
    MMCME2_ADV_X0Y0      MMCME2_ADV (Prop_mmcme2_adv_CLKIN1_CLKOUT0)
                                                     -1.369    -0.187 r  clock_pll/u_mmcm/CLKOUT0
                         net (fo=1, routed)           0.528     0.341    clock_pll/epd_clk_mmcm
    BUFGCTRL_X0Y0        BUFG (Prop_bufg_I_O)         0.029     0.370 r  clock_pll/u_epd_buf/O
                         net (fo=203, routed)         0.849     1.219    frame_processor/reader/drive_fifo/xpm_fifo_async/gnuram_async_fifo.xpm_fifo_base_inst/gen_cdc_pntr.wr_pntr_cdc_inst/dest_clk
    SLICE_X37Y30         FDRE                                         r  frame_processor/reader/drive_fifo/xpm_fifo_async/gnuram_async_fifo.xpm_fifo_base_inst/gen_cdc_pntr.wr_pntr_cdc_inst/dest_graysync_ff_reg[1][6]/C
                         clock pessimism             -0.296     0.923    <hidden>
    SLICE_X37Y30         FDRE (Hold_fdre_C_D)         0.078     1.001    frame_processor/reader/drive_fifo/xpm_fifo_async/gnuram_async_fifo.xpm_fifo_base_inst/gen_cdc_pntr.wr_pntr_cdc_inst/dest_graysync_ff_reg[1][6]
  -------------------------------------------------------------------
                         required time                         -1.001    <hidden>
                         arrival time                           1.119    <hidden>
  -------------------------------------------------------------------
                         slack                                  0.119    <hidden>





Pulse Width Checks
--------------------------------------------------------------------------------------
Clock Name:         epd_clk_mmcm
Waveform(ns):       { 0.000 11.346 }
Period(ns):         22.692
Sources:            { clock_pll/u_mmcm/CLKOUT0 }

Check Type        Corner  Lib Pin             Reference Pin  Required(ns)  Actual(ns)  Slack(ns)  Location         Pin
Min Period        n/a     RAMB36E1/CLKARDCLK  n/a            2.576         22.692      20.116     RAMB36_X2Y7      frame_processor/reader/drive_fifo/xpm_fifo_async/gnuram_async_fifo.xpm_fifo_base_inst/gen_sdpram.xpm_memory_base_inst/gen_wr_a.gen_word_narrow.mem_reg/CLKARDCLK
Max Period        n/a     MMCME2_ADV/CLKOUT0  n/a            213.360       22.692      190.668    MMCME2_ADV_X0Y0  clock_pll/u_mmcm/CLKOUT0
Low Pulse Width   Slow    FDRE/C              n/a            0.500         11.346      10.846     SLICE_X37Y75     display_done_cdc/xpm_cdc_pulse/src_in_ff_reg/C
High Pulse Width  Slow    FDRE/C              n/a            0.500         11.346      10.846     SLICE_X37Y75     display_done_cdc/xpm_cdc_pulse/src_in_ff_reg/C



---------------------------------------------------------------------------------------------------
From Clock:  dbg_hub/inst/BSCANID.u_xsdbm_id/SWITCH_N_EXT_BSCAN.bscan_inst/SERIES7_BSCAN.bscan_inst/TCK
  To Clock:  dbg_hub/inst/BSCANID.u_xsdbm_id/SWITCH_N_EXT_BSCAN.bscan_inst/SERIES7_BSCAN.bscan_inst/TCK

Setup :            0  Failing Endpoints,  Worst Slack       25.679ns,  Total Violation        0.000ns
Hold  :            0  Failing Endpoints,  Worst Slack        0.121ns,  Total Violation        0.000ns
PW    :            0  Failing Endpoints,  Worst Slack       15.250ns,  Total Violation        0.000ns
---------------------------------------------------------------------------------------------------


Max Delay Paths
--------------------------------------------------------------------------------------
Slack (MET) :             25.679ns  (required time - arrival time)
  Source:                 dbg_hub/inst/BSCANID.u_xsdbm_id/SWITCH_N_EXT_BSCAN.bscan_switch/state_reg[1]/C
                            (rising edge-triggered cell FDRE clocked by dbg_hub/inst/BSCANID.u_xsdbm_id/SWITCH_N_EXT_BSCAN.bscan_inst/SERIES7_BSCAN.bscan_inst/TCK  {rise@0.000ns fall@16.500ns period=33.000ns})
  Destination:            dbg_hub/inst/BSCANID.u_xsdbm_id/SWITCH_N_EXT_BSCAN.bscan_switch/portno_temp_reg[3]/D
                            (rising edge-triggered cell FDRE clocked by dbg_hub/inst/BSCANID.u_xsdbm_id/SWITCH_N_EXT_BSCAN.bscan_inst/SERIES7_BSCAN.bscan_inst/TCK  {rise@0.000ns fall@16.500ns period=33.000ns})
  Path Group:             dbg_hub/inst/BSCANID.u_xsdbm_id/SWITCH_N_EXT_BSCAN.bscan_inst/SERIES7_BSCAN.bscan_inst/TCK
  Path Type:              Setup (Max at Slow Process Corner)
  Requirement:            33.000ns  (dbg_hub/inst/BSCANID.u_xsdbm_id/SWITCH_N_EXT_BSCAN.bscan_inst/SERIES7_BSCAN.bscan_inst/TCK rise@33.000ns - dbg_hub/inst/BSCANID.u_xsdbm_id/SWITCH_N_EXT_BSCAN.bscan_inst/SERIES7_BSCAN.bscan_inst/TCK rise@0.000ns)
  Data Path Delay:        7.348ns  (logic 1.580ns (21.503%)  route 5.768ns (78.497%))
  Logic Levels:           6  (CARRY4=2 LUT3=1 LUT4=1 LUT5=1 LUT6=1)
  Clock Path Skew:        -0.015ns (DCD - SCD + CPR)
    Destination Clock Delay (DCD):    3.140ns = ( 36.140 - 33.000 ) 
    Source Clock Delay      (SCD):    3.535ns
    Clock Pessimism Removal (CPR):    0.379ns
  Clock Uncertainty:      0.035ns  ((TSJ^2 + TIJ^2)^1/2 + DJ) / 2 + PE
    Total System Jitter     (TSJ):    0.071ns
    Total Input Jitter      (TIJ):    0.000ns
    Discrete Jitter          (DJ):    0.000ns
    Phase Error              (PE):    0.000ns

    Location             Delay type                Incr(ns)  Path(ns)    Netlist Resource(s)
  -------------------------------------------------------------------    -------------------
                         (clock dbg_hub/inst/BSCANID.u_xsdbm_id/SWITCH_N_EXT_BSCAN.bscan_inst/SERIES7_BSCAN.bscan_inst/TCK rise edge)
                                                      0.000     0.000 r  <hidden>
    BSCAN_X0Y0           BSCANE2                      0.000     0.000 r  dbg_hub/inst/BSCANID.u_xsdbm_id/SWITCH_N_EXT_BSCAN.bscan_inst/SERIES7_BSCAN.bscan_inst/TCK
                         net (fo=1, routed)           1.778     1.778    dbg_hub/inst/BSCANID.u_xsdbm_id/tck_bs
    BUFGCTRL_X0Y5        BUFG (Prop_bufg_I_O)         0.101     1.879 r  dbg_hub/inst/BSCANID.u_xsdbm_id/SWITCH_N_EXT_BSCAN.u_bufg_icon_tck/O
                         net (fo=486, routed)         1.656     3.535    dbg_hub/inst/BSCANID.u_xsdbm_id/SWITCH_N_EXT_BSCAN.bscan_switch/s_bscan_tck
    SLICE_X7Y78          FDRE                                         r  dbg_hub/inst/BSCANID.u_xsdbm_id/SWITCH_N_EXT_BSCAN.bscan_switch/state_reg[1]/C
  -------------------------------------------------------------------    -------------------
    SLICE_X7Y78          FDRE (Prop_fdre_C_Q)         0.419     3.954 r  dbg_hub/inst/BSCANID.u_xsdbm_id/SWITCH_N_EXT_BSCAN.bscan_switch/state_reg[1]/Q
                         net (fo=50, routed)          2.202     6.156    dbg_hub/inst/BSCANID.u_xsdbm_id/SWITCH_N_EXT_BSCAN.bscan_switch/state[1]
    SLICE_X1Y80          LUT4 (Prop_lut4_I3_O)        0.296     6.452 r  dbg_hub/inst/BSCANID.u_xsdbm_id/SWITCH_N_EXT_BSCAN.bscan_switch/curid_inferred_i_14/O
                         net (fo=2, routed)           0.909     7.361    dbg_hub/inst/BSCANID.u_xsdbm_id/SWITCH_N_EXT_BSCAN.bscan_switch/curid[18]
    SLICE_X6Y80          LUT6 (Prop_lut6_I3_O)        0.124     7.485 r  dbg_hub/inst/BSCANID.u_xsdbm_id/SWITCH_N_EXT_BSCAN.bscan_switch/state_temp[0]_i_9/O
                         net (fo=1, routed)           0.000     7.485    dbg_hub/inst/BSCANID.u_xsdbm_id/SWITCH_N_EXT_BSCAN.bscan_switch/state_temp[0]_i_9_n_0
    SLICE_X6Y80          CARRY4 (Prop_carry4_S[3]_CO[3])
                                                      0.376     7.861 r  dbg_hub/inst/BSCANID.u_xsdbm_id/SWITCH_N_EXT_BSCAN.bscan_switch/state_temp_reg[0]_i_4/CO[3]
                         net (fo=1, routed)           0.000     7.861    dbg_hub/inst/BSCANID.u_xsdbm_id/SWITCH_N_EXT_BSCAN.bscan_switch/state_temp_reg[0]_i_4_n_0
    SLICE_X6Y81          CARRY4 (Prop_carry4_CI_CO[3])
                                                      0.117     7.978 r  dbg_hub/inst/BSCANID.u_xsdbm_id/SWITCH_N_EXT_BSCAN.bscan_switch/state_temp_reg[0]_i_3/CO[3]
                         net (fo=4, routed)           1.422     9.400    dbg_hub/inst/BSCANID.u_xsdbm_id/SWITCH_N_EXT_BSCAN.bscan_switch/state_temp_reg[0]_i_3_n_0
    SLICE_X8Y78          LUT5 (Prop_lut5_I1_O)        0.124     9.524 r  dbg_hub/inst/BSCANID.u_xsdbm_id/SWITCH_N_EXT_BSCAN.bscan_switch/portno_temp[5]_i_2/O
                         net (fo=7, routed)           1.235    10.759    dbg_hub/inst/BSCANID.u_xsdbm_id/SWITCH_N_EXT_BSCAN.bscan_switch/portno_temp[5]_i_2_n_0
    SLICE_X4Y77          LUT3 (Prop_lut3_I1_O)        0.124    10.883 r  dbg_hub/inst/BSCANID.u_xsdbm_id/SWITCH_N_EXT_BSCAN.bscan_switch/portno_temp[3]_i_1/O
                         net (fo=1, routed)           0.000    10.883    dbg_hub/inst/BSCANID.u_xsdbm_id/SWITCH_N_EXT_BSCAN.bscan_switch/portno_temp[3]_i_1_n_0
    SLICE_X4Y77          FDRE                                         r  dbg_hub/inst/BSCANID.u_xsdbm_id/SWITCH_N_EXT_BSCAN.bscan_switch/portno_temp_reg[3]/D
  -------------------------------------------------------------------    -------------------

                         (clock dbg_hub/inst/BSCANID.u_xsdbm_id/SWITCH_N_EXT_BSCAN.bscan_inst/SERIES7_BSCAN.bscan_inst/TCK rise edge)
                                                     33.000    33.000 r  <hidden>
    BSCAN_X0Y0           BSCANE2                      0.000    33.000 r  dbg_hub/inst/BSCANID.u_xsdbm_id/SWITCH_N_EXT_BSCAN.bscan_inst/SERIES7_BSCAN.bscan_inst/TCK
                         net (fo=1, routed)           1.523    34.523    dbg_hub/inst/BSCANID.u_xsdbm_id/tck_bs
    BUFGCTRL_X0Y5        BUFG (Prop_bufg_I_O)         0.091    34.614 r  dbg_hub/inst/BSCANID.u_xsdbm_id/SWITCH_N_EXT_BSCAN.u_bufg_icon_tck/O
                         net (fo=486, routed)         1.527    36.140    dbg_hub/inst/BSCANID.u_xsdbm_id/SWITCH_N_EXT_BSCAN.bscan_switch/s_bscan_tck
    SLICE_X4Y77          FDRE                                         r  dbg_hub/inst/BSCANID.u_xsdbm_id/SWITCH_N_EXT_BSCAN.bscan_switch/portno_temp_reg[3]/C
                         clock pessimism              0.379    36.520    <hidden>
                         clock uncertainty           -0.035    36.484    <hidden>
    SLICE_X4Y77          FDRE (Setup_fdre_C_D)        0.077    36.561    dbg_hub/inst/BSCANID.u_xsdbm_id/SWITCH_N_EXT_BSCAN.bscan_switch/portno_temp_reg[3]
  -------------------------------------------------------------------
                         required time                         36.561    <hidden>
                         arrival time                         -10.883    <hidden>
  -------------------------------------------------------------------
                         slack                                 25.679    <hidden>





Min Delay Paths
--------------------------------------------------------------------------------------
Slack (MET) :             0.121ns  (arrival time - required time)
  Source:                 dbg_hub/inst/BSCANID.u_xsdbm_id/SWITCH_N_EXT_BSCAN.bscan_switch/state_temp_reg[2]/C
                            (rising edge-triggered cell FDRE clocked by dbg_hub/inst/BSCANID.u_xsdbm_id/SWITCH_N_EXT_BSCAN.bscan_inst/SERIES7_BSCAN.bscan_inst/TCK  {rise@0.000ns fall@16.500ns period=33.000ns})
  Destination:            dbg_hub/inst/BSCANID.u_xsdbm_id/SWITCH_N_EXT_BSCAN.bscan_switch/state_reg[2]/D
                            (rising edge-triggered cell FDRE clocked by dbg_hub/inst/BSCANID.u_xsdbm_id/SWITCH_N_EXT_BSCAN.bscan_inst/SERIES7_BSCAN.bscan_inst/TCK  {rise@0.000ns fall@16.500ns period=33.000ns})
  Path Group:             dbg_hub/inst/BSCANID.u_xsdbm_id/SWITCH_N_EXT_BSCAN.bscan_inst/SERIES7_BSCAN.bscan_inst/TCK
  Path Type:              Hold (Min at Fast Process Corner)
  Requirement:            0.000ns  (dbg_hub/inst/BSCANID.u_xsdbm_id/SWITCH_N_EXT_BSCAN.bscan_inst/SERIES7_BSCAN.bscan_inst/TCK rise@0.000ns - dbg_hub/inst/BSCANID.u_xsdbm_id/SWITCH_N_EXT_BSCAN.bscan_inst/SERIES7_BSCAN.bscan_inst/TCK rise@0.000ns)
  Data Path Delay:        0.197ns  (logic 0.141ns (71.611%)  route 0.056ns (28.389%))
  Logic Levels:           0  
  Clock Path Skew:        0.000ns (DCD - SCD - CPR)
    Destination Clock Delay (DCD):    1.675ns
    Source Clock Delay      (SCD):    1.295ns
    Clock Pessimism Removal (CPR):    0.379ns

    Location             Delay type                Incr(ns)  Path(ns)    Netlist Resource(s)
  -------------------------------------------------------------------    -------------------
                         (clock dbg_hub/inst/BSCANID.u_xsdbm_id/SWITCH_N_EXT_BSCAN.bscan_inst/SERIES7_BSCAN.bscan_inst/TCK rise edge)
                                                      0.000     0.000 r  <hidden>
    BSCAN_X0Y0           BSCANE2                      0.000     0.000 r  dbg_hub/inst/BSCANID.u_xsdbm_id/SWITCH_N_EXT_BSCAN.bscan_inst/SERIES7_BSCAN.bscan_inst/TCK
                         net (fo=1, routed)           0.716     0.716    dbg_hub/inst/BSCANID.u_xsdbm_id/tck_bs
    BUFGCTRL_X0Y5        BUFG (Prop_bufg_I_O)         0.026     0.742 r  dbg_hub/inst/BSCANID.u_xsdbm_id/SWITCH_N_EXT_BSCAN.u_bufg_icon_tck/O
                         net (fo=486, routed)         0.554     1.295    dbg_hub/inst/BSCANID.u_xsdbm_id/SWITCH_N_EXT_BSCAN.bscan_switch/s_bscan_tck
    SLICE_X7Y78          FDRE                                         r  dbg_hub/inst/BSCANID.u_xsdbm_id/SWITCH_N_EXT_BSCAN.bscan_switch/state_temp_reg[2]/C
  -------------------------------------------------------------------    -------------------
    SLICE_X7Y78          FDRE (Prop_fdre_C_Q)         0.141     1.436 r  dbg_hub/inst/BSCANID.u_xsdbm_id/SWITCH_N_EXT_BSCAN.bscan_switch/state_temp_reg[2]/Q
                         net (fo=2, routed)           0.056     1.492    dbg_hub/inst/BSCANID.u_xsdbm_id/SWITCH_N_EXT_BSCAN.bscan_switch/state_temp[2]
    SLICE_X7Y78          FDRE                                         r  dbg_hub/inst/BSCANID.u_xsdbm_id/SWITCH_N_EXT_BSCAN.bscan_switch/state_reg[2]/D
  -------------------------------------------------------------------    -------------------

                         (clock dbg_hub/inst/BSCANID.u_xsdbm_id/SWITCH_N_EXT_BSCAN.bscan_inst/SERIES7_BSCAN.bscan_inst/TCK rise edge)
                                                      0.000     0.000 r  <hidden>
    BSCAN_X0Y0           BSCANE2                      0.000     0.000 r  dbg_hub/inst/BSCANID.u_xsdbm_id/SWITCH_N_EXT_BSCAN.bscan_inst/SERIES7_BSCAN.bscan_inst/TCK
                         net (fo=1, routed)           0.825     0.825    dbg_hub/inst/BSCANID.u_xsdbm_id/tck_bs
    BUFGCTRL_X0Y5        BUFG (Prop_bufg_I_O)         0.029     0.854 r  dbg_hub/inst/BSCANID.u_xsdbm_id/SWITCH_N_EXT_BSCAN.u_bufg_icon_tck/O
                         net (fo=486, routed)         0.821     1.675    dbg_hub/inst/BSCANID.u_xsdbm_id/SWITCH_N_EXT_BSCAN.bscan_switch/s_bscan_tck
    SLICE_X7Y78          FDRE                                         r  dbg_hub/inst/BSCANID.u_xsdbm_id/SWITCH_N_EXT_BSCAN.bscan_switch/state_reg[2]/C
                         clock pessimism             -0.379     1.295    <hidden>
    SLICE_X7Y78          FDRE (Hold_fdre_C_D)         0.076     1.371    dbg_hub/inst/BSCANID.u_xsdbm_id/SWITCH_N_EXT_BSCAN.bscan_switch/state_reg[2]
  -------------------------------------------------------------------
                         required time                         -1.371    <hidden>
                         arrival time                           1.492    <hidden>
  -------------------------------------------------------------------
                         slack                                  0.121    <hidden>





Pulse Width Checks
--------------------------------------------------------------------------------------
Clock Name:         dbg_hub/inst/BSCANID.u_xsdbm_id/SWITCH_N_EXT_BSCAN.bscan_inst/SERIES7_BSCAN.bscan_inst/TCK
Waveform(ns):       { 0.000 16.500 }
Period(ns):         33.000
Sources:            { dbg_hub/inst/BSCANID.u_xsdbm_id/SWITCH_N_EXT_BSCAN.bscan_inst/SERIES7_BSCAN.bscan_inst/TCK }

Check Type        Corner  Lib Pin     Reference Pin  Required(ns)  Actual(ns)  Slack(ns)  Location       Pin
Min Period        n/a     BUFG/I      n/a            2.155         33.000      30.845     BUFGCTRL_X0Y5  dbg_hub/inst/BSCANID.u_xsdbm_id/SWITCH_N_EXT_BSCAN.u_bufg_icon_tck/I
Low Pulse Width   Slow    RAMD32/CLK  n/a            1.250         16.500      15.250     SLICE_X30Y82   dbg_hub/inst/BSCANID.u_xsdbm_id/CORE_XSDB.UUT_MASTER/U_ICON_INTERFACE/U_CMD6_WR/U_WR_FIFO/SUBCORE_FIFO.xsdbm_v3_0_6_wrfifo_inst/inst_fifo_gen/gconvfifo.rf/grf.rf/gntv_or_sync_fifo.mem/gdm.dm_gen.dm/RAM_reg_0_15_0_5/RAMA/CLK
High Pulse Width  Slow    RAMD32/CLK  n/a            1.250         16.500      15.250     SLICE_X30Y82   dbg_hub/inst/BSCANID.u_xsdbm_id/CORE_XSDB.UUT_MASTER/U_ICON_INTERFACE/U_CMD6_WR/U_WR_FIFO/SUBCORE_FIFO.xsdbm_v3_0_6_wrfifo_inst/inst_fifo_gen/gconvfifo.rf/grf.rf/gntv_or_sync_fifo.mem/gdm.dm_gen.dm/RAM_reg_0_15_0_5/RAMA/CLK



---------------------------------------------------------------------------------------------------
From Clock:  pix_clk
  To Clock:  pix_clk

Setup :            0  Failing Endpoints,  Worst Slack        0.242ns,  Total Violation        0.000ns
Hold  :            0  Failing Endpoints,  Worst Slack        0.077ns,  Total Violation        0.000ns
PW    :            0  Failing Endpoints,  Worst Slack        3.487ns,  Total Violation        0.000ns
---------------------------------------------------------------------------------------------------


Max Delay Paths
--------------------------------------------------------------------------------------
Slack (MET) :             0.242ns  (required time - arrival time)
  Source:                 hdmi_input/text_mode_s1_reg/C
                            (rising edge-triggered cell FDCE clocked by pix_clk  {rise@0.000ns fall@4.467ns period=8.934ns})
  Destination:            hdmi_input/gray_data_reg[5]/D
                            (rising edge-triggered cell FDCE clocked by pix_clk  {rise@0.000ns fall@4.467ns period=8.934ns})
  Path Group:             pix_clk
  Path Type:              Setup (Max at Slow Process Corner)
  Requirement:            8.934ns  (pix_clk rise@8.934ns - pix_clk rise@0.000ns)
  Data Path Delay:        8.553ns  (logic 3.542ns (41.413%)  route 5.011ns (58.587%))
  Logic Levels:           13  (CARRY4=4 LUT3=2 LUT4=1 LUT5=2 LUT6=4)
  Clock Path Skew:        -0.136ns (DCD - SCD + CPR)
    Destination Clock Delay (DCD):    4.819ns = ( 13.753 - 8.934 ) 
    Source Clock Delay      (SCD):    5.446ns
    Clock Pessimism Removal (CPR):    0.491ns
  Clock Uncertainty:      0.035ns  ((TSJ^2 + TIJ^2)^1/2 + DJ) / 2 + PE
    Total System Jitter     (TSJ):    0.071ns
    Total Input Jitter      (TIJ):    0.000ns
    Discrete Jitter          (DJ):    0.000ns
    Phase Error              (PE):    0.000ns

    Location             Delay type                Incr(ns)  Path(ns)    Netlist Resource(s)
  -------------------------------------------------------------------    -------------------
                         (clock pix_clk rise edge)    0.000     0.000 r  <hidden>
    P19                                               0.000     0.000 r  pix_clk
                         net (fo=0)                   0.000     0.000    pix_clk
    P19                  IBUF (Prop_ibuf_I_O)         1.494     1.494 r  pix_clk_IBUF_inst/O
                         net (fo=2, routed)           2.101     3.595    pix_clk_IBUF
    BUFGCTRL_X0Y6        BUFG (Prop_bufg_I_O)         0.101     3.696 r  pix_clk_IBUF_BUFG_inst/O
                         net (fo=264, routed)         1.750     5.446    hdmi_input/pix_clk_IBUF_BUFG
    SLICE_X39Y40         FDCE                                         r  hdmi_input/text_mode_s1_reg/C
  -------------------------------------------------------------------    -------------------
    SLICE_X39Y40         FDCE (Prop_fdce_C_Q)         0.419     5.865 r  hdmi_input/text_mode_s1_reg/Q
                         net (fo=40, routed)          0.499     6.365    hdmi_input/text_mode_s1
    SLICE_X39Y41         LUT3 (Prop_lut3_I1_O)        0.296     6.661 f  hdmi_input/native_base_carry__0_i_12/O
                         net (fo=6, routed)           0.673     7.333    hdmi_input/native_base_carry__0_i_12_n_0
    SLICE_X35Y42         LUT6 (Prop_lut6_I5_O)        0.124     7.457 r  hdmi_input/native_base_carry__0_i_13/O
                         net (fo=1, routed)           0.427     7.884    hdmi_input/native_base_carry__0_i_13_n_0
    SLICE_X34Y43         LUT6 (Prop_lut6_I0_O)        0.124     8.008 r  hdmi_input/native_base_carry__0_i_9/O
                         net (fo=5, routed)           0.451     8.459    hdmi_input/native_base_carry__1_i_2_n_0
    SLICE_X34Y42         LUT4 (Prop_lut4_I3_O)        0.124     8.583 r  hdmi_input/native_base_carry__0_i_5/O
                         net (fo=1, routed)           0.000     8.583    hdmi_input/native_base_carry__0_i_5_n_0
    SLICE_X34Y42         CARRY4 (Prop_carry4_S[3]_CO[3])
                                                      0.376     8.959 r  hdmi_input/native_base_carry__0/CO[3]
                         net (fo=1, routed)           0.000     8.959    hdmi_input/native_base_carry__0_n_0
    SLICE_X34Y43         CARRY4 (Prop_carry4_CI_O[0])
                                                      0.219     9.178 r  hdmi_input/native_base_carry__1/O[0]
                         net (fo=18, routed)          1.119    10.297    hdmi_input/native_base_carry__1_n_7
    SLICE_X31Y43         LUT5 (Prop_lut5_I3_O)        0.295    10.592 r  hdmi_input/native_base__22_carry__0_i_9/O
                         net (fo=1, routed)           0.600    11.192    hdmi_input/native_base__22_carry__0_i_9_n_0
    SLICE_X32Y43         LUT3 (Prop_lut3_I1_O)        0.124    11.316 r  hdmi_input/native_base__22_carry__0_i_5/O
                         net (fo=1, routed)           0.000    11.316    hdmi_input/native_base__22_carry__0_i_5_n_0
    SLICE_X32Y43         CARRY4 (Prop_carry4_S[3]_CO[3])
                                                      0.376    11.692 r  hdmi_input/native_base__22_carry__0/CO[3]
                         net (fo=1, routed)           0.000    11.692    hdmi_input/native_base__22_carry__0_n_0
    SLICE_X32Y44         CARRY4 (Prop_carry4_CI_CO[0])
                                                      0.254    11.946 r  hdmi_input/native_base__22_carry__1/CO[0]
                         net (fo=4, routed)           0.495    12.441    hdmi_input/native_base__22_carry__1_n_3
    SLICE_X32Y45         LUT5 (Prop_lut5_I2_O)        0.359    12.800 r  hdmi_input/gray_source[1]_i_1/O
                         net (fo=2, routed)           0.452    13.252    hdmi_input/gray_source[1]_i_1_n_0
    SLICE_X33Y42         LUT6 (Prop_lut6_I1_O)        0.328    13.580 r  hdmi_input/gray_data[5]_i_2/O
                         net (fo=1, routed)           0.295    13.875    hdmi_input/gray_data[5]_i_2_n_0
    SLICE_X33Y41         LUT6 (Prop_lut6_I5_O)        0.124    13.999 r  hdmi_input/gray_data[5]_i_1/O
                         net (fo=1, routed)           0.000    13.999    hdmi_input/mode_overlay_data[5]
    SLICE_X33Y41         FDCE                                         r  hdmi_input/gray_data_reg[5]/D
  -------------------------------------------------------------------    -------------------

                         (clock pix_clk rise edge)    8.934     8.934 r  <hidden>
    P19                                               0.000     8.934 r  pix_clk
                         net (fo=0)                   0.000     8.934    pix_clk
    P19                  IBUF (Prop_ibuf_I_O)         1.424    10.358 r  pix_clk_IBUF_inst/O
                         net (fo=2, routed)           1.805    12.162    pix_clk_IBUF
    BUFGCTRL_X0Y6        BUFG (Prop_bufg_I_O)         0.091    12.253 r  pix_clk_IBUF_BUFG_inst/O
                         net (fo=264, routed)         1.499    13.753    hdmi_input/pix_clk_IBUF_BUFG
    SLICE_X33Y41         FDCE                                         r  hdmi_input/gray_data_reg[5]/C
                         clock pessimism              0.491    14.244    <hidden>
                         clock uncertainty           -0.035    14.209    <hidden>
    SLICE_X33Y41         FDCE (Setup_fdce_C_D)        0.032    14.241    hdmi_input/gray_data_reg[5]
  -------------------------------------------------------------------
                         required time                         14.241    <hidden>
                         arrival time                         -13.999    <hidden>
  -------------------------------------------------------------------
                         slack                                  0.242    <hidden>





Min Delay Paths
--------------------------------------------------------------------------------------
Slack (MET) :             0.077ns  (arrival time - required time)
  Source:                 hdmi_input/active_pixel_count_reg[7]/C
                            (rising edge-triggered cell FDCE clocked by pix_clk  {rise@0.000ns fall@4.467ns period=8.934ns})
  Destination:            hdmi_input/dither_x_s0_reg[7]/D
                            (rising edge-triggered cell FDCE clocked by pix_clk  {rise@0.000ns fall@4.467ns period=8.934ns})
  Path Group:             pix_clk
  Path Type:              Hold (Min at Fast Process Corner)
  Requirement:            0.000ns  (pix_clk rise@0.000ns - pix_clk rise@0.000ns)
  Data Path Delay:        0.423ns  (logic 0.141ns (33.295%)  route 0.282ns (66.705%))
  Logic Levels:           0  
  Clock Path Skew:        0.270ns (DCD - SCD - CPR)
    Destination Clock Delay (DCD):    2.330ns
    Source Clock Delay      (SCD):    1.733ns
    Clock Pessimism Removal (CPR):    0.327ns

    Location             Delay type                Incr(ns)  Path(ns)    Netlist Resource(s)
  -------------------------------------------------------------------    -------------------
                         (clock pix_clk rise edge)    0.000     0.000 r  <hidden>
    P19                                               0.000     0.000 r  pix_clk
                         net (fo=0)                   0.000     0.000    pix_clk
    P19                  IBUF (Prop_ibuf_I_O)         0.262     0.262 r  pix_clk_IBUF_inst/O
                         net (fo=2, routed)           0.854     1.116    pix_clk_IBUF
    BUFGCTRL_X0Y6        BUFG (Prop_bufg_I_O)         0.026     1.142 r  pix_clk_IBUF_BUFG_inst/O
                         net (fo=264, routed)         0.591     1.733    hdmi_input/pix_clk_IBUF_BUFG
    SLICE_X43Y51         FDCE                                         r  hdmi_input/active_pixel_count_reg[7]/C
  -------------------------------------------------------------------    -------------------
    SLICE_X43Y51         FDCE (Prop_fdce_C_Q)         0.141     1.874 r  hdmi_input/active_pixel_count_reg[7]/Q
                         net (fo=3, routed)           0.282     2.156    hdmi_input/active_pixel_count[7]
    SLICE_X42Y46         FDCE                                         r  hdmi_input/dither_x_s0_reg[7]/D
  -------------------------------------------------------------------    -------------------

                         (clock pix_clk rise edge)    0.000     0.000 r  <hidden>
    P19                                               0.000     0.000 r  pix_clk
                         net (fo=0)                   0.000     0.000    pix_clk
    P19                  IBUF (Prop_ibuf_I_O)         0.450     0.450 r  pix_clk_IBUF_inst/O
                         net (fo=2, routed)           0.990     1.440    pix_clk_IBUF
    BUFGCTRL_X0Y6        BUFG (Prop_bufg_I_O)         0.029     1.469 r  pix_clk_IBUF_BUFG_inst/O
                         net (fo=264, routed)         0.861     2.330    hdmi_input/pix_clk_IBUF_BUFG
    SLICE_X42Y46         FDCE                                         r  hdmi_input/dither_x_s0_reg[7]/C
                         clock pessimism             -0.327     2.003    <hidden>
    SLICE_X42Y46         FDCE (Hold_fdce_C_D)         0.076     2.079    hdmi_input/dither_x_s0_reg[7]
  -------------------------------------------------------------------
                         required time                         -2.079    <hidden>
                         arrival time                           2.156    <hidden>
  -------------------------------------------------------------------
                         slack                                  0.077    <hidden>





Pulse Width Checks
--------------------------------------------------------------------------------------
Clock Name:         pix_clk
Waveform(ns):       { 0.000 4.467 }
Period(ns):         8.934
Sources:            { pix_clk }

Check Type        Corner  Lib Pin             Reference Pin  Required(ns)  Actual(ns)  Slack(ns)  Location      Pin
Min Period        n/a     RAMB36E1/CLKARDCLK  n/a            2.576         8.934       6.358      RAMB36_X1Y15  frame_processor/input_fifo/gnuram_async_fifo.xpm_fifo_base_inst/gen_sdpram.xpm_memory_base_inst/gen_wr_a.gen_word_narrow.mem_reg_2/CLKARDCLK
Low Pulse Width   Slow    SRL16E/CLK          n/a            0.980         4.467       3.487      SLICE_X42Y51  hdmi_input/dither_de_s1_reg_srl2_hdmi_input_dither_de_s1_reg_c/CLK
High Pulse Width  Slow    SRL16E/CLK          n/a            0.980         4.467       3.487      SLICE_X42Y51  hdmi_input/dither_de_s1_reg_srl2_hdmi_input_dither_de_s1_reg_c/CLK



---------------------------------------------------------------------------------------------------
From Clock:  clk_50m_mmcm
  To Clock:  clk_fpga_0

Setup :            0  Failing Endpoints,  Worst Slack        1.613ns,  Total Violation        0.000ns
Hold  :            0  Failing Endpoints,  Worst Slack        0.752ns,  Total Violation        0.000ns
---------------------------------------------------------------------------------------------------


Max Delay Paths
--------------------------------------------------------------------------------------
Slack (MET) :             1.613ns  (required time - arrival time)
  Source:                 system_manager/datapath_run_reg/C
                            (rising edge-triggered cell FDPE clocked by clk_50m_mmcm  {rise@0.000ns fall@10.000ns period=20.000ns})
  Destination:            frame_processor/ps_system/ps_system_i/axi_interconnect_0/s01_couplers/auto_pc/inst/gen_axi4_axi3.axi3_conv_inst/USE_READ.USE_SPLIT_R.read_addr_inst/S_AXI_AADDR_Q_reg[18]/R
                            (rising edge-triggered cell FDRE clocked by clk_fpga_0  {rise@0.000ns fall@5.000ns period=10.000ns})
  Path Group:             clk_fpga_0
  Path Type:              Setup (Max at Slow Process Corner)
  Requirement:            10.000ns  (clk_fpga_0 rise@10.000ns - clk_50m_mmcm rise@0.000ns)
  Data Path Delay:        7.306ns  (logic 1.054ns (14.427%)  route 6.252ns (85.573%))
  Logic Levels:           3  (LUT1=1 LUT2=2)
  Clock Path Skew:        -0.271ns (DCD - SCD + CPR)
    Destination Clock Delay (DCD):    2.687ns = ( 12.688 - 10.000 ) 
    Source Clock Delay      (SCD):    2.958ns
    Clock Pessimism Removal (CPR):    0.000ns
  Clock Uncertainty:      0.382ns  ((TSJ^2 + TIJ^2 + DJ^2)^1/2) / 2 + PE
    Total System Jitter     (TSJ):    0.071ns
    Total Input Jitter      (TIJ):    0.300ns
    Discrete Jitter          (DJ):    0.350ns
    Phase Error              (PE):    0.149ns
  Clock Domain Crossing:  Inter clock paths are considered valid unless explicitly excluded by timing constraints such as set_clock_groups or set_false_path.

    Location             Delay type                Incr(ns)  Path(ns)    Netlist Resource(s)
  -------------------------------------------------------------------    -------------------
                         (clock clk_50m_mmcm rise edge)
                                                      0.000     0.000 r  <hidden>
    PS7_X0Y0             PS7                          0.000     0.000 r  frame_processor/ps_system/ps_system_i/processing_system7_0/inst/PS7_i/FCLKCLK[1]
                         net (fo=1, routed)           1.207     1.207    frame_processor/ps_system/ps_system_i/processing_system7_0/inst/FCLK_CLK_unbuffered[1]
    BUFGCTRL_X0Y4        BUFG (Prop_bufg_I_O)         0.101     1.308 r  frame_processor/ps_system/ps_system_i/processing_system7_0/inst/buffer_fclk_clk_1.FCLK_CLK_1_BUFG/O
                         net (fo=562, routed)         1.677     2.985    clock_pll/CLK_50M
    MMCME2_ADV_X0Y0      MMCME2_ADV (Prop_mmcme2_adv_CLKIN1_CLKOUT1)
                                                     -3.538    -0.553 r  clock_pll/u_mmcm/CLKOUT1
                         net (fo=1, routed)           1.760     1.207    clock_pll/clk_50m_mmcm
    BUFGCTRL_X0Y1        BUFG (Prop_bufg_I_O)         0.101     1.308 r  clock_pll/u_50m_buf/O
                         net (fo=8016, routed)        1.650     2.958    system_manager/CLK
    SLICE_X11Y74         FDPE                                         r  system_manager/datapath_run_reg/C
  -------------------------------------------------------------------    -------------------
    SLICE_X11Y74         FDPE (Prop_fdpe_C_Q)         0.456     3.414 f  system_manager/datapath_run_reg/Q
                         net (fo=6, routed)           1.664     5.078    sync_50m/datapath_run
    SLICE_X12Y47         LUT2 (Prop_lut2_I1_O)        0.124     5.202 f  sync_50m/ps_system_i_i_71/O
                         net (fo=1, routed)           0.617     5.819    frame_processor/ps_system/ps_system_i/util_vector_logic_0/Op1[0]
    SLICE_X12Y45         LUT2 (Prop_lut2_I0_O)        0.119     5.938 f  frame_processor/ps_system/ps_system_i/util_vector_logic_0/Res[0]_INST_0/O
                         net (fo=51, routed)          2.078     8.016    frame_processor/ps_system/ps_system_i/axi_interconnect_0/s01_couplers/auto_pc/inst/gen_axi4_axi3.axi3_conv_inst/USE_WRITE.write_addr_inst/USE_BURSTS.cmd_queue/inst/aresetn
    SLICE_X26Y4          LUT1 (Prop_lut1_I0_O)        0.355     8.371 r  frame_processor/ps_system/ps_system_i/axi_interconnect_0/s01_couplers/auto_pc/inst/gen_axi4_axi3.axi3_conv_inst/USE_WRITE.write_addr_inst/USE_BURSTS.cmd_queue/inst/S_AXI_AREADY_I_i_1/O
                         net (fo=292, routed)         1.893    10.264    frame_processor/ps_system/ps_system_i/axi_interconnect_0/s01_couplers/auto_pc/inst/gen_axi4_axi3.axi3_conv_inst/USE_READ.USE_SPLIT_R.read_addr_inst/SR[0]
    SLICE_X19Y35         FDRE                                         r  frame_processor/ps_system/ps_system_i/axi_interconnect_0/s01_couplers/auto_pc/inst/gen_axi4_axi3.axi3_conv_inst/USE_READ.USE_SPLIT_R.read_addr_inst/S_AXI_AADDR_Q_reg[18]/R
  -------------------------------------------------------------------    -------------------

                         (clock clk_fpga_0 rise edge)
                                                     10.000    10.000 r  <hidden>
    PS7_X0Y0             PS7                          0.000    10.000 r  frame_processor/ps_system/ps_system_i/processing_system7_0/inst/PS7_i/FCLKCLK[0]
                         net (fo=1, routed)           1.101    11.101    frame_processor/ps_system/ps_system_i/processing_system7_0/inst/FCLK_CLK0
    BUFGCTRL_X0Y3        BUFG (Prop_bufg_I_O)         0.091    11.192 r  frame_processor/ps_system/ps_system_i/processing_system7_0/inst/FCLK_CLK0_BUFG_inst/O
                         net (fo=7892, routed)        1.495    12.687    frame_processor/ps_system/ps_system_i/axi_interconnect_0/s01_couplers/auto_pc/inst/gen_axi4_axi3.axi3_conv_inst/USE_READ.USE_SPLIT_R.read_addr_inst/aclk
    SLICE_X19Y35         FDRE                                         r  frame_processor/ps_system/ps_system_i/axi_interconnect_0/s01_couplers/auto_pc/inst/gen_axi4_axi3.axi3_conv_inst/USE_READ.USE_SPLIT_R.read_addr_inst/S_AXI_AADDR_Q_reg[18]/C
                         clock pessimism              0.000    12.687    <hidden>
                         clock uncertainty           -0.382    12.306    <hidden>
    SLICE_X19Y35         FDRE (Setup_fdre_C_R)       -0.429    11.877    frame_processor/ps_system/ps_system_i/axi_interconnect_0/s01_couplers/auto_pc/inst/gen_axi4_axi3.axi3_conv_inst/USE_READ.USE_SPLIT_R.read_addr_inst/S_AXI_AADDR_Q_reg[18]
  -------------------------------------------------------------------
                         required time                         11.877    <hidden>
                         arrival time                         -10.264    <hidden>
  -------------------------------------------------------------------
                         slack                                  1.613    <hidden>





Min Delay Paths
--------------------------------------------------------------------------------------
Slack (MET) :             0.752ns  (arrival time - required time)
  Source:                 system_manager/datapath_run_reg/C
                            (rising edge-triggered cell FDPE clocked by clk_50m_mmcm  {rise@0.000ns fall@10.000ns period=20.000ns})
  Destination:            frame_processor/ps_system/ps_system_i/axi_interconnect_0/xbar/inst/gen_samd.crossbar_samd/aresetn_d_reg/D
                            (rising edge-triggered cell FDRE clocked by clk_fpga_0  {rise@0.000ns fall@5.000ns period=10.000ns})
  Path Group:             clk_fpga_0
  Path Type:              Hold (Min at Fast Process Corner)
  Requirement:            0.000ns  (clk_fpga_0 rise@0.000ns - clk_50m_mmcm rise@0.000ns)
  Data Path Delay:        1.433ns  (logic 0.235ns (16.397%)  route 1.198ns (83.603%))
  Logic Levels:           2  (LUT2=2)
  Clock Path Skew:        0.310ns (DCD - SCD - CPR)
    Destination Clock Delay (DCD):    1.202ns
    Source Clock Delay      (SCD):    0.892ns
    Clock Pessimism Removal (CPR):    -0.000ns
  Clock Uncertainty:      0.382ns  ((TSJ^2 + TIJ^2 + DJ^2)^1/2) / 2 + PE
    Total System Jitter     (TSJ):    0.071ns
    Total Input Jitter      (TIJ):    0.300ns
    Discrete Jitter          (DJ):    0.350ns
    Phase Error              (PE):    0.149ns
  Clock Domain Crossing:  Inter clock paths are considered valid unless explicitly excluded by timing constraints such as set_clock_groups or set_false_path.

    Location             Delay type                Incr(ns)  Path(ns)    Netlist Resource(s)
  -------------------------------------------------------------------    -------------------
                         (clock clk_50m_mmcm rise edge)
                                                      0.000     0.000 r  <hidden>
    PS7_X0Y0             PS7                          0.000     0.000 r  frame_processor/ps_system/ps_system_i/processing_system7_0/inst/PS7_i/FCLKCLK[1]
                         net (fo=1, routed)           0.315     0.315    frame_processor/ps_system/ps_system_i/processing_system7_0/inst/FCLK_CLK_unbuffered[1]
    BUFGCTRL_X0Y4        BUFG (Prop_bufg_I_O)         0.026     0.341 r  frame_processor/ps_system/ps_system_i/processing_system7_0/inst/buffer_fclk_clk_1.FCLK_CLK_1_BUFG/O
                         net (fo=562, routed)         0.546     0.887    clock_pll/CLK_50M
    MMCME2_ADV_X0Y0      MMCME2_ADV (Prop_mmcme2_adv_CLKIN1_CLKOUT1)
                                                     -1.053    -0.167 r  clock_pll/u_mmcm/CLKOUT1
                         net (fo=1, routed)           0.482     0.315    clock_pll/clk_50m_mmcm
    BUFGCTRL_X0Y1        BUFG (Prop_bufg_I_O)         0.026     0.341 r  clock_pll/u_50m_buf/O
                         net (fo=8016, routed)        0.551     0.892    system_manager/CLK
    SLICE_X11Y74         FDPE                                         r  system_manager/datapath_run_reg/C
  -------------------------------------------------------------------    -------------------
    SLICE_X11Y74         FDPE (Prop_fdpe_C_Q)         0.141     1.033 r  system_manager/datapath_run_reg/Q
                         net (fo=6, routed)           0.641     1.673    sync_50m/datapath_run
    SLICE_X12Y47         LUT2 (Prop_lut2_I1_O)        0.045     1.718 r  sync_50m/ps_system_i_i_71/O
                         net (fo=1, routed)           0.195     1.913    frame_processor/ps_system/ps_system_i/util_vector_logic_0/Op1[0]
    SLICE_X12Y45         LUT2 (Prop_lut2_I0_O)        0.049     1.962 r  frame_processor/ps_system/ps_system_i/util_vector_logic_0/Res[0]_INST_0/O
                         net (fo=51, routed)          0.363     2.325    frame_processor/ps_system/ps_system_i/axi_interconnect_0/xbar/inst/gen_samd.crossbar_samd/aresetn
    SLICE_X6Y38          FDRE                                         r  frame_processor/ps_system/ps_system_i/axi_interconnect_0/xbar/inst/gen_samd.crossbar_samd/aresetn_d_reg/D
  -------------------------------------------------------------------    -------------------

                         (clock clk_fpga_0 rise edge)
                                                      0.000     0.000 r  <hidden>
    PS7_X0Y0             PS7                          0.000     0.000 r  frame_processor/ps_system/ps_system_i/processing_system7_0/inst/PS7_i/FCLKCLK[0]
                         net (fo=1, routed)           0.341     0.341    frame_processor/ps_system/ps_system_i/processing_system7_0/inst/FCLK_CLK0
    BUFGCTRL_X0Y3        BUFG (Prop_bufg_I_O)         0.029     0.370 r  frame_processor/ps_system/ps_system_i/processing_system7_0/inst/FCLK_CLK0_BUFG_inst/O
                         net (fo=7892, routed)        0.832     1.202    frame_processor/ps_system/ps_system_i/axi_interconnect_0/xbar/inst/gen_samd.crossbar_samd/aclk
    SLICE_X6Y38          FDRE                                         r  frame_processor/ps_system/ps_system_i/axi_interconnect_0/xbar/inst/gen_samd.crossbar_samd/aresetn_d_reg/C
                         clock pessimism              0.000     1.202    <hidden>
                         clock uncertainty            0.382     1.584    <hidden>
    SLICE_X6Y38          FDRE (Hold_fdre_C_D)        -0.011     1.573    frame_processor/ps_system/ps_system_i/axi_interconnect_0/xbar/inst/gen_samd.crossbar_samd/aresetn_d_reg
  -------------------------------------------------------------------
                         required time                         -1.573    <hidden>
                         arrival time                           2.325    <hidden>
  -------------------------------------------------------------------
                         slack                                  0.752    <hidden>





---------------------------------------------------------------------------------------------------
From Clock:  clk_50m_mmcm
  To Clock:  clk_fpga_1

Setup :            0  Failing Endpoints,  Worst Slack       11.157ns,  Total Violation        0.000ns
Hold  :            0  Failing Endpoints,  Worst Slack        0.182ns,  Total Violation        0.000ns
---------------------------------------------------------------------------------------------------


Max Delay Paths
--------------------------------------------------------------------------------------
Slack (MET) :             11.157ns  (required time - arrival time)
  Source:                 adv7611_manager/hdmi_tmds_q7_reg[12]/C
                            (rising edge-triggered cell FDCE clocked by clk_50m_mmcm  {rise@0.000ns fall@10.000ns period=20.000ns})
  Destination:            edid_ila/inst/<hidden>/<hidden>/<hidden>/<hidden>/<hidden>/<hidden>/<hidden>
                            (rising edge-triggered cell FDRE clocked by clk_fpga_1  {rise@0.000ns fall@10.000ns period=20.000ns})
  Path Group:             clk_fpga_1
  Path Type:              Setup (Max at Slow Process Corner)
  Requirement:            20.000ns  (clk_fpga_1 rise@20.000ns - clk_50m_mmcm rise@0.000ns)
  Data Path Delay:        7.894ns  (logic 1.726ns (21.865%)  route 6.168ns (78.135%))
  Logic Levels:           6  (LUT2=2 LUT6=3 MUXF7=1)
  Clock Path Skew:        -0.122ns (DCD - SCD + CPR)
    Destination Clock Delay (DCD):    2.731ns = ( 22.731 - 20.000 ) 
    Source Clock Delay      (SCD):    2.969ns
    Clock Pessimism Removal (CPR):    0.116ns
  Clock Uncertainty:      0.498ns  ((TSJ^2 + TIJ^2 + DJ^2)^1/2) / 2 + PE
    Total System Jitter     (TSJ):    0.071ns
    Total Input Jitter      (TIJ):    0.600ns
    Discrete Jitter          (DJ):    0.350ns
    Phase Error              (PE):    0.149ns

    Location             Delay type                Incr(ns)  Path(ns)    Netlist Resource(s)
  -------------------------------------------------------------------    -------------------
                         (clock clk_50m_mmcm rise edge)
                                                      0.000     0.000 r  <hidden>
    PS7_X0Y0             PS7                          0.000     0.000 r  frame_processor/ps_system/ps_system_i/processing_system7_0/inst/PS7_i/FCLKCLK[1]
                         net (fo=1, routed)           1.207     1.207    frame_processor/ps_system/ps_system_i/processing_system7_0/inst/FCLK_CLK_unbuffered[1]
    BUFGCTRL_X0Y4        BUFG (Prop_bufg_I_O)         0.101     1.308 r  frame_processor/ps_system/ps_system_i/processing_system7_0/inst/buffer_fclk_clk_1.FCLK_CLK_1_BUFG/O
                         net (fo=562, routed)         1.677     2.985    clock_pll/CLK_50M
    MMCME2_ADV_X0Y0      MMCME2_ADV (Prop_mmcme2_adv_CLKIN1_CLKOUT1)
                                                     -3.538    -0.553 r  clock_pll/u_mmcm/CLKOUT1
                         net (fo=1, routed)           1.760     1.207    clock_pll/clk_50m_mmcm
    BUFGCTRL_X0Y1        BUFG (Prop_bufg_I_O)         0.101     1.308 r  clock_pll/u_50m_buf/O
                         net (fo=8016, routed)        1.661     2.969    adv7611_manager/clk
    SLICE_X11Y82         FDCE                                         r  adv7611_manager/hdmi_tmds_q7_reg[12]/C
  -------------------------------------------------------------------    -------------------
    SLICE_X11Y82         FDCE (Prop_fdce_C_Q)         0.456     3.425 r  adv7611_manager/hdmi_tmds_q7_reg[12]/Q
                         net (fo=15, routed)          2.015     5.440    system_manager/hdmi_invalid_age[25]_i_2[12]
    SLICE_X21Y86         LUT2 (Prop_lut2_I0_O)        0.153     5.593 f  system_manager/status_mode[0]_i_7/O
                         net (fo=1, routed)           0.268     5.861    system_manager/status_mode[0]_i_7_n_0
    SLICE_X21Y86         LUT6 (Prop_lut6_I2_O)        0.327     6.188 r  system_manager/status_mode[0]_i_4/O
                         net (fo=2, routed)           0.765     6.953    hdmi_signal_locked1
    SLICE_X15Y86         LUT6 (Prop_lut6_I0_O)        0.124     7.077 r  hdmi_invalid_age[25]_i_2/O
                         net (fo=29, routed)          1.160     8.237    hdmi_link_candidate
    SLICE_X3Y85          LUT6 (Prop_lut6_I1_O)        0.124     8.361 r  receiver_debug_data_inferred_i_43/O
                         net (fo=1, routed)           0.000     8.361    receiver_debug_data_inferred_i_43_n_0
    SLICE_X3Y85          MUXF7 (Prop_muxf7_I1_O)      0.217     8.578 r  receiver_debug_data_inferred_i_14/O
                         net (fo=2, routed)           0.967     9.545    edid_ila/inst/<hidden>/<hidden>/<hidden>/<hidden>
    SLICE_X4Y89          LUT2 (Prop_lut2_I0_O)        0.325     9.870 r  edid_ila/inst/<hidden>/<hidden>/<hidden>/<hidden>/<hidden>
                         net (fo=2, routed)           0.993    10.863    edid_ila/inst/<hidden>/<hidden>/<hidden>/<hidden>/<hidden>/<hidden>
    SLICE_X2Y89          FDRE                                         r  edid_ila/inst/<hidden>/<hidden>/<hidden>/<hidden>/<hidden>/<hidden>/<hidden>
  -------------------------------------------------------------------    -------------------

                         (clock clk_fpga_1 rise edge)
                                                     20.000    20.000 r  <hidden>
    PS7_X0Y0             PS7                          0.000    20.000 r  frame_processor/ps_system/ps_system_i/processing_system7_0/inst/PS7_i/FCLKCLK[1]
                         net (fo=1, routed)           1.101    21.101    frame_processor/ps_system/ps_system_i/processing_system7_0/inst/FCLK_CLK_unbuffered[1]
    BUFGCTRL_X0Y4        BUFG (Prop_bufg_I_O)         0.091    21.192 r  frame_processor/ps_system/ps_system_i/processing_system7_0/inst/buffer_fclk_clk_1.FCLK_CLK_1_BUFG/O
                         net (fo=562, routed)         1.539    22.731    edid_ila/inst/<hidden>/<hidden>/<hidden>/<hidden>/<hidden>/<hidden>
    SLICE_X2Y89          FDRE                                         r  edid_ila/inst/<hidden>/<hidden>/<hidden>/<hidden>/<hidden>/<hidden>/<hidden>
                         clock pessimism              0.116    22.847    <hidden>
                         clock uncertainty           -0.498    22.349    <hidden>
    SLICE_X2Y89          FDRE (Setup_fdre_C_D)       -0.329    22.020    edid_ila/inst/<hidden>/<hidden>/<hidden>/<hidden>/<hidden>/<hidden>
  -------------------------------------------------------------------
                         required time                         22.020    <hidden>
                         arrival time                         -10.863    <hidden>
  -------------------------------------------------------------------
                         slack                                 11.157    <hidden>





Min Delay Paths
--------------------------------------------------------------------------------------
Slack (MET) :             0.182ns  (arrival time - required time)
  Source:                 adv7611_manager/hdmi_status_byte_reg[2]/C
                            (rising edge-triggered cell FDCE clocked by clk_50m_mmcm  {rise@0.000ns fall@10.000ns period=20.000ns})
  Destination:            edid_ila/inst/<hidden>/<hidden>/<hidden>
                            (rising edge-triggered cell SRL16E clocked by clk_fpga_1  {rise@0.000ns fall@10.000ns period=20.000ns})
  Path Group:             clk_fpga_1
  Path Type:              Hold (Min at Fast Process Corner)
  Requirement:            0.000ns  (clk_fpga_1 rise@0.000ns - clk_50m_mmcm rise@0.000ns)
  Data Path Delay:        1.065ns  (logic 0.141ns (13.238%)  route 0.924ns (86.762%))
  Logic Levels:           0  
  Clock Path Skew:        0.270ns (DCD - SCD - CPR)
    Destination Clock Delay (DCD):    1.198ns
    Source Clock Delay      (SCD):    0.899ns
    Clock Pessimism Removal (CPR):    0.029ns
  Clock Uncertainty:      0.498ns  ((TSJ^2 + TIJ^2 + DJ^2)^1/2) / 2 + PE
    Total System Jitter     (TSJ):    0.071ns
    Total Input Jitter      (TIJ):    0.600ns
    Discrete Jitter          (DJ):    0.350ns
    Phase Error              (PE):    0.149ns

    Location             Delay type                Incr(ns)  Path(ns)    Netlist Resource(s)
  -------------------------------------------------------------------    -------------------
                         (clock clk_50m_mmcm rise edge)
                                                      0.000     0.000 r  <hidden>
    PS7_X0Y0             PS7                          0.000     0.000 r  frame_processor/ps_system/ps_system_i/processing_system7_0/inst/PS7_i/FCLKCLK[1]
                         net (fo=1, routed)           0.315     0.315    frame_processor/ps_system/ps_system_i/processing_system7_0/inst/FCLK_CLK_unbuffered[1]
    BUFGCTRL_X0Y4        BUFG (Prop_bufg_I_O)         0.026     0.341 r  frame_processor/ps_system/ps_system_i/processing_system7_0/inst/buffer_fclk_clk_1.FCLK_CLK_1_BUFG/O
                         net (fo=562, routed)         0.546     0.887    clock_pll/CLK_50M
    MMCME2_ADV_X0Y0      MMCME2_ADV (Prop_mmcme2_adv_CLKIN1_CLKOUT1)
                                                     -1.053    -0.167 r  clock_pll/u_mmcm/CLKOUT1
                         net (fo=1, routed)           0.482     0.315    clock_pll/clk_50m_mmcm
    BUFGCTRL_X0Y1        BUFG (Prop_bufg_I_O)         0.026     0.341 r  clock_pll/u_50m_buf/O
                         net (fo=8016, routed)        0.558     0.899    adv7611_manager/clk
    SLICE_X14Y87         FDCE                                         r  adv7611_manager/hdmi_status_byte_reg[2]/C
  -------------------------------------------------------------------    -------------------
    SLICE_X14Y87         FDCE (Prop_fdce_C_Q)         0.141     1.040 r  adv7611_manager/hdmi_status_byte_reg[2]/Q
                         net (fo=2, routed)           0.924     1.964    edid_ila/inst/<hidden>/<hidden>
    SLICE_X8Y86          SRL16E                                       r  edid_ila/inst/<hidden>/<hidden>/<hidden>
  -------------------------------------------------------------------    -------------------

                         (clock clk_fpga_1 rise edge)
                                                      0.000     0.000 r  <hidden>
    PS7_X0Y0             PS7                          0.000     0.000 r  frame_processor/ps_system/ps_system_i/processing_system7_0/inst/PS7_i/FCLKCLK[1]
                         net (fo=1, routed)           0.341     0.341    frame_processor/ps_system/ps_system_i/processing_system7_0/inst/FCLK_CLK_unbuffered[1]
    BUFGCTRL_X0Y4        BUFG (Prop_bufg_I_O)         0.029     0.370 r  frame_processor/ps_system/ps_system_i/processing_system7_0/inst/buffer_fclk_clk_1.FCLK_CLK_1_BUFG/O
                         net (fo=562, routed)         0.828     1.198    edid_ila/inst/<hidden>/<hidden>
    SLICE_X8Y86          SRL16E                                       r  edid_ila/inst/<hidden>/<hidden>/<hidden>
                         clock pessimism             -0.029     1.169    <hidden>
                         clock uncertainty            0.498     1.667    <hidden>
    SLICE_X8Y86          SRL16E (Hold_srl16e_CLK_D)
                                                      0.115     1.782    edid_ila/inst/<hidden>/<hidden>
  -------------------------------------------------------------------
                         required time                         -1.782    <hidden>
                         arrival time                           1.964    <hidden>
  -------------------------------------------------------------------
                         slack                                  0.182    <hidden>





---------------------------------------------------------------------------------------------------
From Clock:  clk_fpga_0
  To Clock:  clk_50m_mmcm

Setup :            0  Failing Endpoints,  Worst Slack        7.934ns,  Total Violation        0.000ns
Hold  :           NA  Failing Endpoints,  Worst Slack           NA  ,  Total Violation           NA
---------------------------------------------------------------------------------------------------


Max Delay Paths
--------------------------------------------------------------------------------------
Slack (MET) :             7.934ns  (required time - arrival time)
  Source:                 frame_processor/ps_system/ps_system_i/axi_interconnect_0/s02_couplers/auto_cc/inst/gen_clock_conv.gen_async_conv.asyncfifo_axi/<hidden>/<hidden>/<hidden>/<hidden>/<hidden>/<hidden>/<hidden>
                            (rising edge-triggered cell FDRE clocked by clk_fpga_0  {rise@0.000ns fall@5.000ns period=10.000ns})
  Destination:            frame_processor/ps_system/ps_system_i/axi_interconnect_0/s02_couplers/auto_cc/inst/gen_clock_conv.gen_async_conv.asyncfifo_axi/<hidden>/<hidden>/<hidden>/<hidden>/<hidden>/<hidden>/<hidden>
                            (rising edge-triggered cell FDRE clocked by clk_50m_mmcm  {rise@0.000ns fall@10.000ns period=20.000ns})
  Path Group:             clk_50m_mmcm
  Path Type:              Setup (Max at Slow Process Corner)
  Requirement:            10.000ns  (MaxDelay Path 10.000ns)
  Data Path Delay:        1.798ns  (logic 0.419ns (23.298%)  route 1.379ns (76.702%))
  Logic Levels:           0  
  Timing Exception:       MaxDelay Path 10.000ns -datapath_only

    Location             Delay type                Incr(ns)  Path(ns)    Netlist Resource(s)
  -------------------------------------------------------------------    -------------------
    SLICE_X43Y68                                      0.000     0.000 r  frame_processor/ps_system/ps_system_i/axi_interconnect_0/s02_couplers/auto_cc/inst/gen_clock_conv.gen_async_conv.asyncfifo_axi/<hidden>/<hidden>/<hidden>/<hidden>/<hidden>/<hidden>/<hidden>
    SLICE_X43Y68         FDRE (Prop_fdre_C_Q)         0.419     0.419 r  frame_processor/ps_system/ps_system_i/axi_interconnect_0/s02_couplers/auto_cc/inst/gen_clock_conv.gen_async_conv.asyncfifo_axi/<hidden>/<hidden>/<hidden>/<hidden>/<hidden>/<hidden>/<hidden>
                         net (fo=1, routed)           1.379     1.798    frame_processor/ps_system/ps_system_i/axi_interconnect_0/s02_couplers/auto_cc/inst/gen_clock_conv.gen_async_conv.asyncfifo_axi/<hidden>/<hidden>/<hidden>/<hidden>/<hidden>/<hidden>
    SLICE_X31Y46         FDRE                                         r  frame_processor/ps_system/ps_system_i/axi_interconnect_0/s02_couplers/auto_cc/inst/gen_clock_conv.gen_async_conv.asyncfifo_axi/<hidden>/<hidden>/<hidden>/<hidden>/<hidden>/<hidden>/<hidden>
  -------------------------------------------------------------------    -------------------

                         max delay                   10.000    10.000    <hidden>
    SLICE_X31Y46         FDRE (Setup_fdre_C_D)       -0.268     9.732    frame_processor/ps_system/ps_system_i/axi_interconnect_0/s02_couplers/auto_cc/inst/gen_clock_conv.gen_async_conv.asyncfifo_axi/<hidden>/<hidden>/<hidden>/<hidden>/<hidden>/<hidden>
  -------------------------------------------------------------------
                         required time                          9.732    <hidden>
                         arrival time                          -1.798    <hidden>
  -------------------------------------------------------------------
                         slack                                  7.934    <hidden>





---------------------------------------------------------------------------------------------------
From Clock:  ADV_I2C_BITCLK
  To Clock:  clk_50m_mmcm

Setup :            0  Failing Endpoints,  Worst Slack        8.479ns,  Total Violation        0.000ns
Hold  :            0  Failing Endpoints,  Worst Slack        0.403ns,  Total Violation        0.000ns
---------------------------------------------------------------------------------------------------


Max Delay Paths
--------------------------------------------------------------------------------------
Slack (MET) :             8.479ns  (required time - arrival time)
  Source:                 adv7611_manager/iic_ctrl/rd_data_reg[0]/C
                            (rising edge-triggered cell FDCE clocked by ADV_I2C_BITCLK  {rise@0.000ns fall@2500.000ns period=5000.000ns})
  Destination:            adv7611_manager/REG_INDEX_reg[1]/CE
                            (rising edge-triggered cell FDCE clocked by clk_50m_mmcm  {rise@0.000ns fall@10.000ns period=20.000ns})
  Path Group:             clk_50m_mmcm
  Path Type:              Setup (Max at Slow Process Corner)
  Requirement:            20.000ns  (clk_50m_mmcm rise@20.000ns - ADV_I2C_BITCLK rise@0.000ns)
  Data Path Delay:        6.425ns  (logic 0.952ns (14.817%)  route 5.473ns (85.183%))
  Logic Levels:           4  (LUT5=1 LUT6=3)
  Clock Path Skew:        -4.713ns (DCD - SCD + CPR)
    Destination Clock Delay (DCD):    2.681ns = ( 22.681 - 20.000 ) 
    Source Clock Delay      (SCD):    7.510ns
    Clock Pessimism Removal (CPR):    0.116ns
  Clock Uncertainty:      0.179ns  ((TSJ^2 + DJ^2)^1/2) / 2 + PE
    Total System Jitter     (TSJ):    0.071ns
    Discrete Jitter          (DJ):    0.350ns
    Phase Error              (PE):    0.000ns

    Location             Delay type                Incr(ns)  Path(ns)    Netlist Resource(s)
  -------------------------------------------------------------------    -------------------
                         (clock ADV_I2C_BITCLK rise edge)
                                                      0.000     0.000 r  <hidden>
    PS7_X0Y0             PS7                          0.000     0.000 r  frame_processor/ps_system/ps_system_i/processing_system7_0/inst/PS7_i/FCLKCLK[1]
                         net (fo=1, routed)           1.207     1.207    frame_processor/ps_system/ps_system_i/processing_system7_0/inst/FCLK_CLK_unbuffered[1]
    BUFGCTRL_X0Y4        BUFG (Prop_bufg_I_O)         0.101     1.308 r  frame_processor/ps_system/ps_system_i/processing_system7_0/inst/buffer_fclk_clk_1.FCLK_CLK_1_BUFG/O
                         net (fo=562, routed)         1.677     2.985    clock_pll/CLK_50M
    MMCME2_ADV_X0Y0      MMCME2_ADV (Prop_mmcme2_adv_CLKIN1_CLKOUT1)
                                                     -3.538    -0.553 r  clock_pll/u_mmcm/CLKOUT1
                         net (fo=1, routed)           1.760     1.207    clock_pll/clk_50m_mmcm
    BUFGCTRL_X0Y1        BUFG (Prop_bufg_I_O)         0.101     1.308 r  clock_pll/u_50m_buf/O
                         net (fo=8016, routed)        1.661     2.969    adv7611_manager/iic_ctrl/clk
    SLICE_X8Y82          FDCE (Prop_fdce_C_Q)         0.518     3.487 r  adv7611_manager/iic_ctrl/scl_clk_reg/Q
                         net (fo=3, routed)           2.260     5.747    adv7611_manager/iic_ctrl_n_85
    BUFGCTRL_X0Y7        BUFG (Prop_bufg_I_O)         0.101     5.848 r  adv7611_manager/iic_ack_error_reg_i_2/O
                         net (fo=50, routed)          1.662     7.510    adv7611_manager/iic_ctrl/CLK
    SLICE_X7Y83          FDCE                                         r  adv7611_manager/iic_ctrl/rd_data_reg[0]/C
  -------------------------------------------------------------------    -------------------
    SLICE_X7Y83          FDCE (Prop_fdce_C_Q)         0.456     7.966 r  adv7611_manager/iic_ctrl/rd_data_reg[0]/Q
                         net (fo=14, routed)          2.628    10.593    adv7611_manager/iic_ctrl/rd_data_reg[7]_0[0]
    SLICE_X21Y88         LUT5 (Prop_lut5_I1_O)        0.124    10.717 r  adv7611_manager/iic_ctrl/REG_INDEX[8]_i_25/O
                         net (fo=1, routed)           0.655    11.373    adv7611_manager/iic_ctrl/REG_INDEX[8]_i_25_n_0
    SLICE_X20Y88         LUT6 (Prop_lut6_I0_O)        0.124    11.497 f  adv7611_manager/iic_ctrl/REG_INDEX[8]_i_15/O
                         net (fo=4, routed)           0.542    12.038    adv7611_manager/iic_ctrl/REG_INDEX[8]_i_15_n_0
    SLICE_X12Y89         LUT6 (Prop_lut6_I2_O)        0.124    12.162 f  adv7611_manager/iic_ctrl/REG_INDEX[8]_i_3/O
                         net (fo=10, routed)          0.623    12.785    adv7611_manager/iic_ctrl/REG_INDEX[8]_i_3_n_0
    SLICE_X8Y88          LUT6 (Prop_lut6_I0_O)        0.124    12.909 r  adv7611_manager/iic_ctrl/REG_INDEX[8]_i_1/O
                         net (fo=9, routed)           1.025    13.935    adv7611_manager/iic_ctrl_n_17
    SLICE_X14Y90         FDCE                                         r  adv7611_manager/REG_INDEX_reg[1]/CE
  -------------------------------------------------------------------    -------------------

                         (clock clk_50m_mmcm rise edge)
                                                     20.000    20.000 r  <hidden>
    PS7_X0Y0             PS7                          0.000    20.000 r  frame_processor/ps_system/ps_system_i/processing_system7_0/inst/PS7_i/FCLKCLK[1]
                         net (fo=1, routed)           1.101    21.101    frame_processor/ps_system/ps_system_i/processing_system7_0/inst/FCLK_CLK_unbuffered[1]
    BUFGCTRL_X0Y4        BUFG (Prop_bufg_I_O)         0.091    21.192 r  frame_processor/ps_system/ps_system_i/processing_system7_0/inst/buffer_fclk_clk_1.FCLK_CLK_1_BUFG/O
                         net (fo=562, routed)         1.487    22.680    clock_pll/CLK_50M
    MMCME2_ADV_X0Y0      MMCME2_ADV (Prop_mmcme2_adv_CLKIN1_CLKOUT1)
                                                     -3.177    19.502 r  clock_pll/u_mmcm/CLKOUT1
                         net (fo=1, routed)           1.599    21.101    clock_pll/clk_50m_mmcm
    BUFGCTRL_X0Y1        BUFG (Prop_bufg_I_O)         0.091    21.192 r  clock_pll/u_50m_buf/O
                         net (fo=8016, routed)        1.489    22.681    adv7611_manager/clk
    SLICE_X14Y90         FDCE                                         r  adv7611_manager/REG_INDEX_reg[1]/C
                         clock pessimism              0.116    22.797    <hidden>
                         clock uncertainty           -0.179    22.618    <hidden>
    SLICE_X14Y90         FDCE (Setup_fdce_C_CE)      -0.205    22.413    adv7611_manager/REG_INDEX_reg[1]
  -------------------------------------------------------------------
                         required time                         22.413    <hidden>
                         arrival time                         -13.935    <hidden>
  -------------------------------------------------------------------
                         slack                                  8.479    <hidden>





Min Delay Paths
--------------------------------------------------------------------------------------
Slack (MET) :             0.403ns  (arrival time - required time)
  Source:                 adv7611_manager/iic_ctrl/scl_clk_reg/Q
                            (clock source 'ADV_I2C_BITCLK'  {rise@0.000ns fall@2500.000ns period=5000.000ns})
  Destination:            adv7611_manager/iic_ctrl/scl_clk_reg/D
                            (rising edge-triggered cell FDCE clocked by clk_50m_mmcm  {rise@0.000ns fall@10.000ns period=20.000ns})
  Path Group:             clk_50m_mmcm
  Path Type:              Hold (Min at Fast Process Corner)
  Requirement:            0.000ns  (clk_50m_mmcm rise@2500.000ns - ADV_I2C_BITCLK fall@2500.000ns)
  Data Path Delay:        0.628ns  (logic 0.045ns (7.171%)  route 0.583ns (92.826%))
  Logic Levels:           1  (LUT6=1)
  Clock Path Skew:        0.103ns (DCD - SCD - CPR)
    Destination Clock Delay (DCD):    1.195ns = ( 2501.195 - 2500.000 ) 
    Source Clock Delay      (SCD):    1.063ns = ( 2501.062 - 2500.000 ) 
    Clock Pessimism Removal (CPR):    0.029ns

    Location             Delay type                Incr(ns)  Path(ns)    Netlist Resource(s)
  -------------------------------------------------------------------    -------------------
                         (clock ADV_I2C_BITCLK fall edge)
                                                   2500.000  2500.000 f  <hidden>
    PS7_X0Y0             PS7                          0.000  2500.000 r  frame_processor/ps_system/ps_system_i/processing_system7_0/inst/PS7_i/FCLKCLK[1]
                         net (fo=1, routed)           0.315  2500.315    frame_processor/ps_system/ps_system_i/processing_system7_0/inst/FCLK_CLK_unbuffered[1]
    BUFGCTRL_X0Y4        BUFG (Prop_bufg_I_O)         0.026  2500.341 r  frame_processor/ps_system/ps_system_i/processing_system7_0/inst/buffer_fclk_clk_1.FCLK_CLK_1_BUFG/O
                         net (fo=562, routed)         0.546  2500.886    clock_pll/CLK_50M
    MMCME2_ADV_X0Y0      MMCME2_ADV (Prop_mmcme2_adv_CLKIN1_CLKOUT1)
                                                     -1.053  2499.833 r  clock_pll/u_mmcm/CLKOUT1
                         net (fo=1, routed)           0.482  2500.315    clock_pll/clk_50m_mmcm
    BUFGCTRL_X0Y1        BUFG (Prop_bufg_I_O)         0.026  2500.341 r  clock_pll/u_50m_buf/O
                         net (fo=8016, routed)        0.558  2500.898    adv7611_manager/iic_ctrl/clk
  -------------------------------------------------------------------    -------------------
    SLICE_X8Y82          FDCE (Prop_fdce_C_Q)         0.164  2501.062 f  adv7611_manager/iic_ctrl/scl_clk_reg/Q
                         net (fo=3, routed)           0.583  2501.645    adv7611_manager/iic_ctrl/scl_clk_reg_0
    SLICE_X8Y82          LUT6 (Prop_lut6_I5_O)        0.045  2501.690 r  adv7611_manager/iic_ctrl/scl_clk_i_1/O
                         net (fo=1, routed)           0.000  2501.690    adv7611_manager/iic_ctrl/scl_clk_i_1_n_0
    SLICE_X8Y82          FDCE                                         r  adv7611_manager/iic_ctrl/scl_clk_reg/D
  -------------------------------------------------------------------    -------------------

                         (clock clk_50m_mmcm rise edge)
                                                   2500.000  2500.000 r  <hidden>
    PS7_X0Y0             PS7                          0.000  2500.000 r  frame_processor/ps_system/ps_system_i/processing_system7_0/inst/PS7_i/FCLKCLK[1]
                         net (fo=1, routed)           0.341  2500.341    frame_processor/ps_system/ps_system_i/processing_system7_0/inst/FCLK_CLK_unbuffered[1]
    BUFGCTRL_X0Y4        BUFG (Prop_bufg_I_O)         0.029  2500.370 r  frame_processor/ps_system/ps_system_i/processing_system7_0/inst/buffer_fclk_clk_1.FCLK_CLK_1_BUFG/O
                         net (fo=562, routed)         0.812  2501.182    clock_pll/CLK_50M
    MMCME2_ADV_X0Y0      MMCME2_ADV (Prop_mmcme2_adv_CLKIN1_CLKOUT1)
                                                     -1.369  2499.813 r  clock_pll/u_mmcm/CLKOUT1
                         net (fo=1, routed)           0.528  2500.341    clock_pll/clk_50m_mmcm
    BUFGCTRL_X0Y1        BUFG (Prop_bufg_I_O)         0.029  2500.370 r  clock_pll/u_50m_buf/O
                         net (fo=8016, routed)        0.825  2501.195    adv7611_manager/iic_ctrl/clk
    SLICE_X8Y82          FDCE                                         r  adv7611_manager/iic_ctrl/scl_clk_reg/C
                         clock pessimism             -0.029  2501.166    <hidden>
    SLICE_X8Y82          FDCE (Hold_fdce_C_D)         0.121  2501.287    adv7611_manager/iic_ctrl/scl_clk_reg
  -------------------------------------------------------------------
                         required time                      -2501.287    <hidden>
                         arrival time                        2501.690    <hidden>
  -------------------------------------------------------------------
                         slack                                  0.403    <hidden>





---------------------------------------------------------------------------------------------------
From Clock:  epd_clk_mmcm
  To Clock:  clk_50m_mmcm

Setup :            0  Failing Endpoints,  Worst Slack       21.207ns,  Total Violation        0.000ns
Hold  :           NA  Failing Endpoints,  Worst Slack           NA  ,  Total Violation           NA
---------------------------------------------------------------------------------------------------


Max Delay Paths
--------------------------------------------------------------------------------------
Slack (MET) :             21.207ns  (required time - arrival time)
  Source:                 frame_processor/reader/drive_fifo/xpm_fifo_async/gnuram_async_fifo.xpm_fifo_base_inst/gen_cdc_pntr.rd_pntr_cdc_inst/src_gray_ff_reg[5]/C
                            (rising edge-triggered cell FDRE clocked by epd_clk_mmcm  {rise@0.000ns fall@11.346ns period=22.692ns})
  Destination:            frame_processor/reader/drive_fifo/xpm_fifo_async/gnuram_async_fifo.xpm_fifo_base_inst/gen_cdc_pntr.rd_pntr_cdc_inst/dest_graysync_ff_reg[0][5]/D
                            (rising edge-triggered cell FDRE clocked by clk_50m_mmcm  {rise@0.000ns fall@10.000ns period=20.000ns})
  Path Group:             clk_50m_mmcm
  Path Type:              Setup (Max at Slow Process Corner)
  Requirement:            22.692ns  (MaxDelay Path 22.692ns)
  Data Path Delay:        1.218ns  (logic 0.419ns (34.401%)  route 0.799ns (65.599%))
  Logic Levels:           0  
  Timing Exception:       MaxDelay Path 22.692ns -datapath_only

    Location             Delay type                Incr(ns)  Path(ns)    Netlist Resource(s)
  -------------------------------------------------------------------    -------------------
    SLICE_X43Y34                                      0.000     0.000 r  frame_processor/reader/drive_fifo/xpm_fifo_async/gnuram_async_fifo.xpm_fifo_base_inst/gen_cdc_pntr.rd_pntr_cdc_inst/src_gray_ff_reg[5]/C
    SLICE_X43Y34         FDRE (Prop_fdre_C_Q)         0.419     0.419 r  frame_processor/reader/drive_fifo/xpm_fifo_async/gnuram_async_fifo.xpm_fifo_base_inst/gen_cdc_pntr.rd_pntr_cdc_inst/src_gray_ff_reg[5]/Q
                         net (fo=1, routed)           0.799     1.218    frame_processor/reader/drive_fifo/xpm_fifo_async/gnuram_async_fifo.xpm_fifo_base_inst/gen_cdc_pntr.rd_pntr_cdc_inst/async_path[5]
    SLICE_X43Y35         FDRE                                         r  frame_processor/reader/drive_fifo/xpm_fifo_async/gnuram_async_fifo.xpm_fifo_base_inst/gen_cdc_pntr.rd_pntr_cdc_inst/dest_graysync_ff_reg[0][5]/D
  -------------------------------------------------------------------    -------------------

                         max delay                   22.692    22.692    <hidden>
    SLICE_X43Y35         FDRE (Setup_fdre_C_D)       -0.267    22.425    frame_processor/reader/drive_fifo/xpm_fifo_async/gnuram_async_fifo.xpm_fifo_base_inst/gen_cdc_pntr.rd_pntr_cdc_inst/dest_graysync_ff_reg[0][5]
  -------------------------------------------------------------------
                         required time                         22.425    <hidden>
                         arrival time                          -1.218    <hidden>
  -------------------------------------------------------------------
                         slack                                 21.207    <hidden>





---------------------------------------------------------------------------------------------------
From Clock:  dbg_hub/inst/BSCANID.u_xsdbm_id/SWITCH_N_EXT_BSCAN.bscan_inst/SERIES7_BSCAN.bscan_inst/TCK
  To Clock:  clk_50m_mmcm

Setup :            0  Failing Endpoints,  Worst Slack       31.499ns,  Total Violation        0.000ns
Hold  :           NA  Failing Endpoints,  Worst Slack           NA  ,  Total Violation           NA
---------------------------------------------------------------------------------------------------


Max Delay Paths
--------------------------------------------------------------------------------------
Slack (MET) :             31.499ns  (required time - arrival time)
  Source:                 dbg_hub/inst/BSCANID.u_xsdbm_id/CORE_XSDB.UUT_MASTER/U_ICON_INTERFACE/U_CMD6_RD/U_RD_FIFO/SUBCORE_FIFO.xsdbm_v3_0_6_rdfifo_inst/inst_fifo_gen/gconvfifo.rf/grf.rf/gntv_or_sync_fifo.gcx.clkx/gnxpm_cdc.rd_pntr_gc_reg[1]/C
                            (rising edge-triggered cell FDCE clocked by dbg_hub/inst/BSCANID.u_xsdbm_id/SWITCH_N_EXT_BSCAN.bscan_inst/SERIES7_BSCAN.bscan_inst/TCK  {rise@0.000ns fall@16.500ns period=33.000ns})
  Destination:            dbg_hub/inst/BSCANID.u_xsdbm_id/CORE_XSDB.UUT_MASTER/U_ICON_INTERFACE/U_CMD6_RD/U_RD_FIFO/SUBCORE_FIFO.xsdbm_v3_0_6_rdfifo_inst/inst_fifo_gen/gconvfifo.rf/grf.rf/gntv_or_sync_fifo.gcx.clkx/gnxpm_cdc.gsync_stage[1].wr_stg_inst/Q_reg_reg[1]/D
                            (rising edge-triggered cell FDCE clocked by clk_50m_mmcm  {rise@0.000ns fall@10.000ns period=20.000ns})
  Path Group:             clk_50m_mmcm
  Path Type:              Setup (Max at Slow Process Corner)
  Requirement:            33.000ns  (MaxDelay Path 33.000ns)
  Data Path Delay:        1.396ns  (logic 0.456ns (32.658%)  route 0.940ns (67.342%))
  Logic Levels:           0  
  Timing Exception:       MaxDelay Path 33.000ns -datapath_only

    Location             Delay type                Incr(ns)  Path(ns)    Netlist Resource(s)
  -------------------------------------------------------------------    -------------------
    SLICE_X39Y87                                      0.000     0.000 r  dbg_hub/inst/BSCANID.u_xsdbm_id/CORE_XSDB.UUT_MASTER/U_ICON_INTERFACE/U_CMD6_RD/U_RD_FIFO/SUBCORE_FIFO.xsdbm_v3_0_6_rdfifo_inst/inst_fifo_gen/gconvfifo.rf/grf.rf/gntv_or_sync_fifo.gcx.clkx/gnxpm_cdc.rd_pntr_gc_reg[1]/C
    SLICE_X39Y87         FDCE (Prop_fdce_C_Q)         0.456     0.456 r  dbg_hub/inst/BSCANID.u_xsdbm_id/CORE_XSDB.UUT_MASTER/U_ICON_INTERFACE/U_CMD6_RD/U_RD_FIFO/SUBCORE_FIFO.xsdbm_v3_0_6_rdfifo_inst/inst_fifo_gen/gconvfifo.rf/grf.rf/gntv_or_sync_fifo.gcx.clkx/gnxpm_cdc.rd_pntr_gc_reg[1]/Q
                         net (fo=1, routed)           0.940     1.396    dbg_hub/inst/BSCANID.u_xsdbm_id/CORE_XSDB.UUT_MASTER/U_ICON_INTERFACE/U_CMD6_RD/U_RD_FIFO/SUBCORE_FIFO.xsdbm_v3_0_6_rdfifo_inst/inst_fifo_gen/gconvfifo.rf/grf.rf/gntv_or_sync_fifo.gcx.clkx/gnxpm_cdc.gsync_stage[1].wr_stg_inst/Q[1]
    SLICE_X39Y88         FDCE                                         r  dbg_hub/inst/BSCANID.u_xsdbm_id/CORE_XSDB.UUT_MASTER/U_ICON_INTERFACE/U_CMD6_RD/U_RD_FIFO/SUBCORE_FIFO.xsdbm_v3_0_6_rdfifo_inst/inst_fifo_gen/gconvfifo.rf/grf.rf/gntv_or_sync_fifo.gcx.clkx/gnxpm_cdc.gsync_stage[1].wr_stg_inst/Q_reg_reg[1]/D
  -------------------------------------------------------------------    -------------------

                         max delay                   33.000    33.000    <hidden>
    SLICE_X39Y88         FDCE (Setup_fdce_C_D)       -0.105    32.895    dbg_hub/inst/BSCANID.u_xsdbm_id/CORE_XSDB.UUT_MASTER/U_ICON_INTERFACE/U_CMD6_RD/U_RD_FIFO/SUBCORE_FIFO.xsdbm_v3_0_6_rdfifo_inst/inst_fifo_gen/gconvfifo.rf/grf.rf/gntv_or_sync_fifo.gcx.clkx/gnxpm_cdc.gsync_stage[1].wr_stg_inst/Q_reg_reg[1]
  -------------------------------------------------------------------
                         required time                         32.895    <hidden>
                         arrival time                          -1.396    <hidden>
  -------------------------------------------------------------------
                         slack                                 31.499    <hidden>





---------------------------------------------------------------------------------------------------
From Clock:  clk_50m_mmcm
  To Clock:  ADV_I2C_BITCLK

Setup :            0  Failing Endpoints,  Worst Slack       12.426ns,  Total Violation        0.000ns
Hold  :            0  Failing Endpoints,  Worst Slack        0.077ns,  Total Violation        0.000ns
---------------------------------------------------------------------------------------------------


Max Delay Paths
--------------------------------------------------------------------------------------
Slack (MET) :             12.426ns  (required time - arrival time)
  Source:                 adv7611_manager/wr_cnt_reg[2]/C
                            (rising edge-triggered cell FDCE clocked by clk_50m_mmcm  {rise@0.000ns fall@10.000ns period=20.000ns})
  Destination:            adv7611_manager/iic_ctrl/FSM_sequential_IIC_S_reg[0]/D
                            (falling edge-triggered cell FDPE clocked by ADV_I2C_BITCLK  {rise@0.000ns fall@2500.000ns period=5000.000ns})
  Path Group:             ADV_I2C_BITCLK
  Path Type:              Setup (Max at Slow Process Corner)
  Requirement:            20.000ns  (ADV_I2C_BITCLK fall@2500.000ns - clk_50m_mmcm rise@2480.000ns)
  Data Path Delay:        11.129ns  (logic 1.440ns (12.939%)  route 9.689ns (87.061%))
  Logic Levels:           4  (CARRY4=1 LUT3=1 LUT4=1 LUT5=1)
  Clock Path Skew:        3.812ns (DCD - SCD + CPR)
    Destination Clock Delay (DCD):    6.665ns = ( 2506.665 - 2500.000 ) 
    Source Clock Delay      (SCD):    2.969ns = ( 2482.969 - 2480.000 ) 
    Clock Pessimism Removal (CPR):    0.116ns
  Clock Uncertainty:      0.179ns  ((TSJ^2 + DJ^2)^1/2) / 2 + PE
    Total System Jitter     (TSJ):    0.071ns
    Discrete Jitter          (DJ):    0.350ns
    Phase Error              (PE):    0.000ns

    Location             Delay type                Incr(ns)  Path(ns)    Netlist Resource(s)
  -------------------------------------------------------------------    -------------------
                         (clock clk_50m_mmcm rise edge)
                                                   2480.000  2480.000 r  <hidden>
    PS7_X0Y0             PS7                          0.000  2480.000 r  frame_processor/ps_system/ps_system_i/processing_system7_0/inst/PS7_i/FCLKCLK[1]
                         net (fo=1, routed)           1.207  2481.207    frame_processor/ps_system/ps_system_i/processing_system7_0/inst/FCLK_CLK_unbuffered[1]
    BUFGCTRL_X0Y4        BUFG (Prop_bufg_I_O)         0.101  2481.308 r  frame_processor/ps_system/ps_system_i/processing_system7_0/inst/buffer_fclk_clk_1.FCLK_CLK_1_BUFG/O
                         net (fo=562, routed)         1.677  2482.985    clock_pll/CLK_50M
    MMCME2_ADV_X0Y0      MMCME2_ADV (Prop_mmcme2_adv_CLKIN1_CLKOUT1)
                                                     -3.538  2479.447 r  clock_pll/u_mmcm/CLKOUT1
                         net (fo=1, routed)           1.760  2481.207    clock_pll/clk_50m_mmcm
    BUFGCTRL_X0Y1        BUFG (Prop_bufg_I_O)         0.101  2481.308 r  clock_pll/u_50m_buf/O
                         net (fo=8016, routed)        1.661  2482.969    adv7611_manager/clk
    SLICE_X16Y89         FDCE                                         r  adv7611_manager/wr_cnt_reg[2]/C
  -------------------------------------------------------------------    -------------------
    SLICE_X16Y89         FDCE (Prop_fdce_C_Q)         0.518  2483.487 r  adv7611_manager/wr_cnt_reg[2]/Q
                         net (fo=2, routed)           2.244  2485.731    adv7611_manager/iic_ctrl/FSM_sequential_IIC_S_reg[2]_i_6_0[2]
    SLICE_X14Y88         LUT3 (Prop_lut3_I2_O)        0.124  2485.855 r  adv7611_manager/iic_ctrl/FSM_sequential_IIC_S[2]_i_20/O
                         net (fo=1, routed)           0.000  2485.855    adv7611_manager/iic_ctrl/FSM_sequential_IIC_S[2]_i_20_n_0
    SLICE_X14Y88         CARRY4 (Prop_carry4_S[1]_CO[3])
                                                      0.550  2486.405 f  adv7611_manager/iic_ctrl/FSM_sequential_IIC_S_reg[2]_i_6/CO[3]
                         net (fo=7, routed)           3.254  2489.659    adv7611_manager/iic_ctrl/FSM_sequential_IIC_S_reg[2]_i_6_n_0
    SLICE_X7Y83          LUT4 (Prop_lut4_I3_O)        0.124  2489.783 r  adv7611_manager/iic_ctrl/FSM_sequential_IIC_S[0]_i_2/O
                         net (fo=1, routed)           2.164  2491.947    adv7611_manager/iic_ctrl/FSM_sequential_IIC_S[0]_i_2_n_0
    SLICE_X5Y83          LUT5 (Prop_lut5_I0_O)        0.124  2492.071 r  adv7611_manager/iic_ctrl/FSM_sequential_IIC_S[0]_i_1/O
                         net (fo=1, routed)           2.027  2494.098    adv7611_manager/iic_ctrl/FSM_sequential_IIC_S[0]_i_1_n_0
    SLICE_X5Y84          FDPE                                         r  adv7611_manager/iic_ctrl/FSM_sequential_IIC_S_reg[0]/D
  -------------------------------------------------------------------    -------------------

                         (clock ADV_I2C_BITCLK fall edge)
                                                   2500.000  2500.000 r  <hidden>
    PS7_X0Y0             PS7                          0.000  2500.000 r  frame_processor/ps_system/ps_system_i/processing_system7_0/inst/PS7_i/FCLKCLK[1]
                         net (fo=1, routed)           1.101  2501.101    frame_processor/ps_system/ps_system_i/processing_system7_0/inst/FCLK_CLK_unbuffered[1]
    BUFGCTRL_X0Y4        BUFG (Prop_bufg_I_O)         0.091  2501.192 r  frame_processor/ps_system/ps_system_i/processing_system7_0/inst/buffer_fclk_clk_1.FCLK_CLK_1_BUFG/O
                         net (fo=562, routed)         1.487  2502.679    clock_pll/CLK_50M
    MMCME2_ADV_X0Y0      MMCME2_ADV (Prop_mmcme2_adv_CLKIN1_CLKOUT1)
                                                     -3.177  2499.502 r  clock_pll/u_mmcm/CLKOUT1
                         net (fo=1, routed)           1.599  2501.101    clock_pll/clk_50m_mmcm
    BUFGCTRL_X0Y1        BUFG (Prop_bufg_I_O)         0.091  2501.192 r  clock_pll/u_50m_buf/O
                         net (fo=8016, routed)        1.489  2502.681    adv7611_manager/iic_ctrl/clk
    SLICE_X8Y82          FDCE (Prop_fdce_C_Q)         0.418  2503.099 f  adv7611_manager/iic_ctrl/scl_clk_reg/Q
                         net (fo=3, routed)           1.941  2505.039    adv7611_manager/iic_ctrl_n_85
    BUFGCTRL_X0Y7        BUFG (Prop_bufg_I_O)         0.091  2505.130 f  adv7611_manager/iic_ack_error_reg_i_2/O
                         net (fo=50, routed)          1.535  2506.665    adv7611_manager/iic_ctrl/CLK
    SLICE_X5Y84          FDPE                                         r  adv7611_manager/iic_ctrl/FSM_sequential_IIC_S_reg[0]/C  (IS_INVERTED)
                         clock pessimism              0.116  2506.781    <hidden>
                         clock uncertainty           -0.179  2506.602    <hidden>
    SLICE_X5Y84          FDPE (Setup_fdpe_C_D)       -0.078  2506.524    adv7611_manager/iic_ctrl/FSM_sequential_IIC_S_reg[0]
  -------------------------------------------------------------------
                         required time                       2506.524    <hidden>
                         arrival time                       -2494.098    <hidden>
  -------------------------------------------------------------------
                         slack                                 12.426    <hidden>





Min Delay Paths
--------------------------------------------------------------------------------------
Slack (MET) :             0.077ns  (arrival time - required time)
  Source:                 adv7611_manager/wr_data_reg[2]/C
                            (rising edge-triggered cell FDCE clocked by clk_50m_mmcm  {rise@0.000ns fall@10.000ns period=20.000ns})
  Destination:            adv7611_manager/iic_ctrl/sda_r_reg[2]/D
                            (falling edge-triggered cell FDCE clocked by ADV_I2C_BITCLK  {rise@0.000ns fall@2500.000ns period=5000.000ns})
  Path Group:             ADV_I2C_BITCLK
  Path Type:              Hold (Min at Fast Process Corner)
  Requirement:            0.000ns  (ADV_I2C_BITCLK fall@2500.000ns - clk_50m_mmcm rise@2500.000ns)
  Data Path Delay:        2.593ns  (logic 0.186ns (7.172%)  route 2.407ns (92.828%))
  Logic Levels:           1  (LUT5=1)
  Clock Path Skew:        2.419ns (DCD - SCD - CPR)
    Destination Clock Delay (DCD):    3.349ns = ( 2503.349 - 2500.000 ) 
    Source Clock Delay      (SCD):    0.901ns = ( 2500.901 - 2500.000 ) 
    Clock Pessimism Removal (CPR):    0.029ns

    Location             Delay type                Incr(ns)  Path(ns)    Netlist Resource(s)
  -------------------------------------------------------------------    -------------------
                         (clock clk_50m_mmcm rise edge)
                                                   2500.000  2500.000 r  <hidden>
    PS7_X0Y0             PS7                          0.000  2500.000 r  frame_processor/ps_system/ps_system_i/processing_system7_0/inst/PS7_i/FCLKCLK[1]
                         net (fo=1, routed)           0.315  2500.315    frame_processor/ps_system/ps_system_i/processing_system7_0/inst/FCLK_CLK_unbuffered[1]
    BUFGCTRL_X0Y4        BUFG (Prop_bufg_I_O)         0.026  2500.341 r  frame_processor/ps_system/ps_system_i/processing_system7_0/inst/buffer_fclk_clk_1.FCLK_CLK_1_BUFG/O
                         net (fo=562, routed)         0.546  2500.886    clock_pll/CLK_50M
    MMCME2_ADV_X0Y0      MMCME2_ADV (Prop_mmcme2_adv_CLKIN1_CLKOUT1)
                                                     -1.053  2499.833 r  clock_pll/u_mmcm/CLKOUT1
                         net (fo=1, routed)           0.482  2500.315    clock_pll/clk_50m_mmcm
    BUFGCTRL_X0Y1        BUFG (Prop_bufg_I_O)         0.026  2500.341 r  clock_pll/u_50m_buf/O
                         net (fo=8016, routed)        0.560  2500.901    adv7611_manager/clk
    SLICE_X18Y90         FDCE                                         r  adv7611_manager/wr_data_reg[2]/C
  -------------------------------------------------------------------    -------------------
    SLICE_X18Y90         FDCE (Prop_fdce_C_Q)         0.141  2501.042 r  adv7611_manager/wr_data_reg[2]/Q
                         net (fo=2, routed)           2.407  2503.449    adv7611_manager/iic_ctrl/sda_r_reg[7]_0[2]
    SLICE_X17Y86         LUT5 (Prop_lut5_I2_O)        0.045  2503.494 r  adv7611_manager/iic_ctrl/sda_r[2]_i_1/O
                         net (fo=1, routed)           0.000  2503.494    adv7611_manager/iic_ctrl/sda_r[2]_i_1_n_0
    SLICE_X17Y86         FDCE                                         r  adv7611_manager/iic_ctrl/sda_r_reg[2]/D
  -------------------------------------------------------------------    -------------------

                         (clock ADV_I2C_BITCLK fall edge)
                                                   2500.000  2500.000 r  <hidden>
    PS7_X0Y0             PS7                          0.000  2500.000 r  frame_processor/ps_system/ps_system_i/processing_system7_0/inst/PS7_i/FCLKCLK[1]
                         net (fo=1, routed)           0.341  2500.341    frame_processor/ps_system/ps_system_i/processing_system7_0/inst/FCLK_CLK_unbuffered[1]
    BUFGCTRL_X0Y4        BUFG (Prop_bufg_I_O)         0.029  2500.370 r  frame_processor/ps_system/ps_system_i/processing_system7_0/inst/buffer_fclk_clk_1.FCLK_CLK_1_BUFG/O
                         net (fo=562, routed)         0.812  2501.182    clock_pll/CLK_50M
    MMCME2_ADV_X0Y0      MMCME2_ADV (Prop_mmcme2_adv_CLKIN1_CLKOUT1)
                                                     -1.369  2499.813 r  clock_pll/u_mmcm/CLKOUT1
                         net (fo=1, routed)           0.528  2500.341    clock_pll/clk_50m_mmcm
    BUFGCTRL_X0Y1        BUFG (Prop_bufg_I_O)         0.029  2500.370 r  clock_pll/u_50m_buf/O
                         net (fo=8016, routed)        0.825  2501.195    adv7611_manager/iic_ctrl/clk
    SLICE_X8Y82          FDCE (Prop_fdce_C_Q)         0.204  2501.399 f  adv7611_manager/iic_ctrl/scl_clk_reg/Q
                         net (fo=3, routed)           1.096  2502.495    adv7611_manager/iic_ctrl_n_85
    BUFGCTRL_X0Y7        BUFG (Prop_bufg_I_O)         0.029  2502.524 f  adv7611_manager/iic_ack_error_reg_i_2/O
                         net (fo=50, routed)          0.825  2503.349    adv7611_manager/iic_ctrl/CLK
    SLICE_X17Y86         FDCE                                         r  adv7611_manager/iic_ctrl/sda_r_reg[2]/C  (IS_INVERTED)
                         clock pessimism             -0.029  2503.320    <hidden>
    SLICE_X17Y86         FDCE (Hold_fdce_C_D)         0.098  2503.418    adv7611_manager/iic_ctrl/sda_r_reg[2]
  -------------------------------------------------------------------
                         required time                      -2503.417    <hidden>
                         arrival time                        2503.494    <hidden>
  -------------------------------------------------------------------
                         slack                                  0.077    <hidden>





---------------------------------------------------------------------------------------------------
From Clock:  clk_50m_mmcm
  To Clock:  epd_clk_mmcm

Setup :            0  Failing Endpoints,  Worst Slack       18.214ns,  Total Violation        0.000ns
Hold  :           NA  Failing Endpoints,  Worst Slack           NA  ,  Total Violation           NA
---------------------------------------------------------------------------------------------------


Max Delay Paths
--------------------------------------------------------------------------------------
Slack (MET) :             18.214ns  (required time - arrival time)
  Source:                 frame_processor/reader/drive_fifo/xpm_fifo_async/gnuram_async_fifo.xpm_fifo_base_inst/gen_cdc_pntr.wr_pntr_cdc_inst/src_gray_ff_reg[7]/C
                            (rising edge-triggered cell FDRE clocked by clk_50m_mmcm  {rise@0.000ns fall@10.000ns period=20.000ns})
  Destination:            frame_processor/reader/drive_fifo/xpm_fifo_async/gnuram_async_fifo.xpm_fifo_base_inst/gen_cdc_pntr.wr_pntr_cdc_inst/dest_graysync_ff_reg[0][7]/D
                            (rising edge-triggered cell FDRE clocked by epd_clk_mmcm  {rise@0.000ns fall@11.346ns period=22.692ns})
  Path Group:             epd_clk_mmcm
  Path Type:              Setup (Max at Slow Process Corner)
  Requirement:            20.000ns  (MaxDelay Path 20.000ns)
  Data Path Delay:        1.517ns  (logic 0.478ns (31.501%)  route 1.039ns (68.499%))
  Logic Levels:           0  
  Timing Exception:       MaxDelay Path 20.000ns -datapath_only

    Location             Delay type                Incr(ns)  Path(ns)    Netlist Resource(s)
  -------------------------------------------------------------------    -------------------
    SLICE_X38Y32                                      0.000     0.000 r  frame_processor/reader/drive_fifo/xpm_fifo_async/gnuram_async_fifo.xpm_fifo_base_inst/gen_cdc_pntr.wr_pntr_cdc_inst/src_gray_ff_reg[7]/C
    SLICE_X38Y32         FDRE (Prop_fdre_C_Q)         0.478     0.478 r  frame_processor/reader/drive_fifo/xpm_fifo_async/gnuram_async_fifo.xpm_fifo_base_inst/gen_cdc_pntr.wr_pntr_cdc_inst/src_gray_ff_reg[7]/Q
                         net (fo=1, routed)           1.039     1.517    frame_processor/reader/drive_fifo/xpm_fifo_async/gnuram_async_fifo.xpm_fifo_base_inst/gen_cdc_pntr.wr_pntr_cdc_inst/async_path[7]
    SLICE_X36Y32         FDRE                                         r  frame_processor/reader/drive_fifo/xpm_fifo_async/gnuram_async_fifo.xpm_fifo_base_inst/gen_cdc_pntr.wr_pntr_cdc_inst/dest_graysync_ff_reg[0][7]/D
  -------------------------------------------------------------------    -------------------

                         max delay                   20.000    20.000    <hidden>
    SLICE_X36Y32         FDRE (Setup_fdre_C_D)       -0.269    19.731    frame_processor/reader/drive_fifo/xpm_fifo_async/gnuram_async_fifo.xpm_fifo_base_inst/gen_cdc_pntr.wr_pntr_cdc_inst/dest_graysync_ff_reg[0][7]
  -------------------------------------------------------------------
                         required time                         19.731    <hidden>
                         arrival time                          -1.517    <hidden>
  -------------------------------------------------------------------
                         slack                                 18.214    <hidden>





---------------------------------------------------------------------------------------------------
From Clock:  epd_clk_mmcm
  To Clock:  EPD_SDCK

Setup :            0  Failing Endpoints,  Worst Slack        0.403ns,  Total Violation        0.000ns
Hold  :            0  Failing Endpoints,  Worst Slack        3.221ns,  Total Violation        0.000ns
---------------------------------------------------------------------------------------------------


Max Delay Paths
--------------------------------------------------------------------------------------
Slack (MET) :             0.403ns  (required time - arrival time)
  Source:                 display_manager/frame_ctrl/XSTL_reg/C
                            (falling edge-triggered cell FDPE clocked by epd_clk_mmcm  {rise@0.000ns fall@11.346ns period=22.692ns})
  Destination:            EPD_DOUT[1]
                            (output port clocked by EPD_SDCK  {rise@0.000ns fall@11.346ns period=22.692ns})
  Path Group:             EPD_SDCK
  Path Type:              Max at Slow Process Corner
  Requirement:            11.346ns  (EPD_SDCK rise@22.692ns - epd_clk_mmcm fall@11.346ns)
  Data Path Delay:        7.127ns  (logic 4.093ns (57.430%)  route 3.034ns (42.570%))
  Logic Levels:           2  (LUT4=1 OBUF=1)
  Output Delay:           8.000ns
  Clock Path Skew:        4.369ns (DCD - SCD + CPR)
    Destination Clock Delay (DCD):    7.170ns = ( 29.862 - 22.692 ) 
    Source Clock Delay      (SCD):    3.031ns = ( 14.377 - 11.346 ) 
    Clock Pessimism Removal (CPR):    0.230ns
  Clock Uncertainty:      0.185ns  ((TSJ^2 + DJ^2)^1/2) / 2 + PE
    Total System Jitter     (TSJ):    0.071ns
    Discrete Jitter          (DJ):    0.363ns
    Phase Error              (PE):    0.000ns

    Location             Delay type                Incr(ns)  Path(ns)    Netlist Resource(s)
  -------------------------------------------------------------------    -------------------
                         (clock epd_clk_mmcm fall edge)
                                                     11.346    11.346 f  <hidden>
    PS7_X0Y0             PS7                          0.000    11.346 f  frame_processor/ps_system/ps_system_i/processing_system7_0/inst/PS7_i/FCLKCLK[1]
                         net (fo=1, routed)           1.207    12.553    frame_processor/ps_system/ps_system_i/processing_system7_0/inst/FCLK_CLK_unbuffered[1]
    BUFGCTRL_X0Y4        BUFG (Prop_bufg_I_O)         0.101    12.654 f  frame_processor/ps_system/ps_system_i/processing_system7_0/inst/buffer_fclk_clk_1.FCLK_CLK_1_BUFG/O
                         net (fo=562, routed)         1.677    14.331    clock_pll/CLK_50M
    MMCME2_ADV_X0Y0      MMCME2_ADV (Prop_mmcme2_adv_CLKIN1_CLKOUT0)
                                                     -3.538    10.793 f  clock_pll/u_mmcm/CLKOUT0
                         net (fo=1, routed)           1.760    12.553    clock_pll/epd_clk_mmcm
    BUFGCTRL_X0Y0        BUFG (Prop_bufg_I_O)         0.101    12.654 f  clock_pll/u_epd_buf/O
                         net (fo=203, routed)         1.723    14.377    display_manager/frame_ctrl/EPD_XCL_OBUF
    SLICE_X43Y74         FDPE                                         r  display_manager/frame_ctrl/XSTL_reg/C  (IS_INVERTED)
  -------------------------------------------------------------------    -------------------
    SLICE_X43Y74         FDPE (Prop_fdpe_C_Q)         0.459    14.836 f  display_manager/frame_ctrl/XSTL_reg/Q
                         net (fo=89, routed)          1.371    16.207    display_manager/data_mgr/data_cnt_reg[1]_0
    SLICE_X43Y92         LUT4 (Prop_lut4_I3_O)        0.124    16.331 r  display_manager/data_mgr/EPD_DOUT_OBUF[1]_inst_i_1/O
                         net (fo=1, routed)           1.663    17.994    EPD_DOUT_OBUF[1]
    D18                  OBUF (Prop_obuf_I_O)         3.510    21.504 r  EPD_DOUT_OBUF[1]_inst/O
                         net (fo=0)                   0.000    21.504    EPD_DOUT[1]
    D18                                                               r  EPD_DOUT[1]
  -------------------------------------------------------------------    -------------------

                         (clock EPD_SDCK rise edge)
                                                     22.692    22.692 r  <hidden>
    PS7_X0Y0             PS7                          0.000    22.692 r  frame_processor/ps_system/ps_system_i/processing_system7_0/inst/PS7_i/FCLKCLK[1]
                         net (fo=1, routed)           1.101    23.793    frame_processor/ps_system/ps_system_i/processing_system7_0/inst/FCLK_CLK_unbuffered[1]
    BUFGCTRL_X0Y4        BUFG (Prop_bufg_I_O)         0.091    23.884 r  frame_processor/ps_system/ps_system_i/processing_system7_0/inst/buffer_fclk_clk_1.FCLK_CLK_1_BUFG/O
                         net (fo=562, routed)         1.487    25.372    clock_pll/CLK_50M
    MMCME2_ADV_X0Y0      MMCME2_ADV (Prop_mmcme2_adv_CLKIN1_CLKOUT0)
                                                     -3.177    22.194 r  clock_pll/u_mmcm/CLKOUT0
                         net (fo=1, routed)           1.599    23.793    clock_pll/epd_clk_mmcm
    BUFGCTRL_X0Y0        BUFG (Prop_bufg_I_O)         0.091    23.884 r  clock_pll/u_epd_buf/O
                         net (fo=203, routed)         2.666    26.551    EPD_XCL_OBUF
    H17                  OBUF (Prop_obuf_I_O)         3.311    29.862 r  EPD_XCL_OBUF_inst/O
                         net (fo=0)                   0.000    29.862    EPD_XCL
    H17                                                               r  EPD_XCL
                         clock pessimism              0.230    30.092    <hidden>
                         clock uncertainty           -0.185    29.907    <hidden>
                         output delay                -8.000    21.907    <hidden>
  -------------------------------------------------------------------
                         required time                         21.907    <hidden>
                         arrival time                         -21.504    <hidden>
  -------------------------------------------------------------------
                         slack                                  0.403    <hidden>





Min Delay Paths
--------------------------------------------------------------------------------------
Slack (MET) :             3.221ns  (arrival time - required time)
  Source:                 display_manager/data_mgr/t_din_reg[5]/C
                            (falling edge-triggered cell FDCE clocked by epd_clk_mmcm  {rise@0.000ns fall@11.346ns period=22.692ns})
  Destination:            EPD_DOUT[11]
                            (output port clocked by EPD_SDCK  {rise@0.000ns fall@11.346ns period=22.692ns})
  Path Group:             EPD_SDCK
  Path Type:              Min at Fast Process Corner
  Requirement:            -11.346ns  (EPD_SDCK rise@0.000ns - epd_clk_mmcm fall@11.346ns)
  Data Path Delay:        1.895ns  (logic 1.415ns (74.678%)  route 0.480ns (25.322%))
  Logic Levels:           2  (LUT4=1 OBUF=1)
  Output Delay:           -8.000ns
  Clock Path Skew:        1.835ns (DCD - SCD - CPR)
    Destination Clock Delay (DCD):    3.024ns
    Source Clock Delay      (SCD):    0.926ns = ( 12.272 - 11.346 ) 
    Clock Pessimism Removal (CPR):    0.263ns
  Clock Uncertainty:      0.185ns  ((TSJ^2 + DJ^2)^1/2) / 2 + PE
    Total System Jitter     (TSJ):    0.071ns
    Discrete Jitter          (DJ):    0.363ns
    Phase Error              (PE):    0.000ns

    Location             Delay type                Incr(ns)  Path(ns)    Netlist Resource(s)
  -------------------------------------------------------------------    -------------------
                         (clock epd_clk_mmcm fall edge)
                                                     11.346    11.346 f  <hidden>
    PS7_X0Y0             PS7                          0.000    11.346 f  frame_processor/ps_system/ps_system_i/processing_system7_0/inst/PS7_i/FCLKCLK[1]
                         net (fo=1, routed)           0.315    11.661    frame_processor/ps_system/ps_system_i/processing_system7_0/inst/FCLK_CLK_unbuffered[1]
    BUFGCTRL_X0Y4        BUFG (Prop_bufg_I_O)         0.026    11.687 f  frame_processor/ps_system/ps_system_i/processing_system7_0/inst/buffer_fclk_clk_1.FCLK_CLK_1_BUFG/O
                         net (fo=562, routed)         0.546    12.233    clock_pll/CLK_50M
    MMCME2_ADV_X0Y0      MMCME2_ADV (Prop_mmcme2_adv_CLKIN1_CLKOUT0)
                                                     -1.053    11.179 f  clock_pll/u_mmcm/CLKOUT0
                         net (fo=1, routed)           0.482    11.661    clock_pll/epd_clk_mmcm
    BUFGCTRL_X0Y0        BUFG (Prop_bufg_I_O)         0.026    11.687 f  clock_pll/u_epd_buf/O
                         net (fo=203, routed)         0.585    12.272    display_manager/data_mgr/EPD_XCL_OBUF
    SLICE_X43Y66         FDCE                                         r  display_manager/data_mgr/t_din_reg[5]/C  (IS_INVERTED)
  -------------------------------------------------------------------    -------------------
    SLICE_X43Y66         FDCE (Prop_fdce_C_Q)         0.146    12.418 r  display_manager/data_mgr/t_din_reg[5]/Q
                         net (fo=1, routed)           0.199    12.617    display_manager/data_mgr/t_din[5]
    SLICE_X42Y64         LUT4 (Prop_lut4_I0_O)        0.045    12.662 r  display_manager/data_mgr/EPD_DOUT_OBUF[11]_inst_i_1/O
                         net (fo=1, routed)           0.280    12.943    EPD_DOUT_OBUF[11]
    G19                  OBUF (Prop_obuf_I_O)         1.224    14.167 r  EPD_DOUT_OBUF[11]_inst/O
                         net (fo=0)                   0.000    14.167    EPD_DOUT[11]
    G19                                                               r  EPD_DOUT[11]
  -------------------------------------------------------------------    -------------------

                         (clock EPD_SDCK rise edge)
                                                      0.000     0.000 r  <hidden>
    PS7_X0Y0             PS7                          0.000     0.000 r  frame_processor/ps_system/ps_system_i/processing_system7_0/inst/PS7_i/FCLKCLK[1]
                         net (fo=1, routed)           0.341     0.341    frame_processor/ps_system/ps_system_i/processing_system7_0/inst/FCLK_CLK_unbuffered[1]
    BUFGCTRL_X0Y4        BUFG (Prop_bufg_I_O)         0.029     0.370 r  frame_processor/ps_system/ps_system_i/processing_system7_0/inst/buffer_fclk_clk_1.FCLK_CLK_1_BUFG/O
                         net (fo=562, routed)         0.812     1.182    clock_pll/CLK_50M
    MMCME2_ADV_X0Y0      MMCME2_ADV (Prop_mmcme2_adv_CLKIN1_CLKOUT0)
                                                     -1.369    -0.187 r  clock_pll/u_mmcm/CLKOUT0
                         net (fo=1, routed)           0.528     0.341    clock_pll/epd_clk_mmcm
    BUFGCTRL_X0Y0        BUFG (Prop_bufg_I_O)         0.029     0.370 r  clock_pll/u_epd_buf/O
                         net (fo=203, routed)         1.240     1.610    EPD_XCL_OBUF
    H17                  OBUF (Prop_obuf_I_O)         1.414     3.024 r  EPD_XCL_OBUF_inst/O
                         net (fo=0)                   0.000     3.024    EPD_XCL
    H17                                                               r  EPD_XCL
                         clock pessimism             -0.263     2.761    <hidden>
                         clock uncertainty            0.185     2.946    <hidden>
                         output delay                 8.000    10.946    <hidden>
  -------------------------------------------------------------------
                         required time                        -10.946    <hidden>
                         arrival time                          14.166    <hidden>
  -------------------------------------------------------------------
                         slack                                  3.221    <hidden>





---------------------------------------------------------------------------------------------------
From Clock:  clk_50m_mmcm
  To Clock:  dbg_hub/inst/BSCANID.u_xsdbm_id/SWITCH_N_EXT_BSCAN.bscan_inst/SERIES7_BSCAN.bscan_inst/TCK

Setup :            0  Failing Endpoints,  Worst Slack       18.628ns,  Total Violation        0.000ns
Hold  :           NA  Failing Endpoints,  Worst Slack           NA  ,  Total Violation           NA
---------------------------------------------------------------------------------------------------


Max Delay Paths
--------------------------------------------------------------------------------------
Slack (MET) :             18.628ns  (required time - arrival time)
  Source:                 dbg_hub/inst/BSCANID.u_xsdbm_id/CORE_XSDB.UUT_MASTER/U_ICON_INTERFACE/U_CMD6_WR/U_WR_FIFO/SUBCORE_FIFO.xsdbm_v3_0_6_wrfifo_inst/inst_fifo_gen/gconvfifo.rf/grf.rf/gntv_or_sync_fifo.gcx.clkx/gnxpm_cdc.rd_pntr_gc_reg[0]/C
                            (rising edge-triggered cell FDCE clocked by clk_50m_mmcm  {rise@0.000ns fall@10.000ns period=20.000ns})
  Destination:            dbg_hub/inst/BSCANID.u_xsdbm_id/CORE_XSDB.UUT_MASTER/U_ICON_INTERFACE/U_CMD6_WR/U_WR_FIFO/SUBCORE_FIFO.xsdbm_v3_0_6_wrfifo_inst/inst_fifo_gen/gconvfifo.rf/grf.rf/gntv_or_sync_fifo.gcx.clkx/gnxpm_cdc.gsync_stage[1].wr_stg_inst/Q_reg_reg[0]/D
                            (rising edge-triggered cell FDCE clocked by dbg_hub/inst/BSCANID.u_xsdbm_id/SWITCH_N_EXT_BSCAN.bscan_inst/SERIES7_BSCAN.bscan_inst/TCK  {rise@0.000ns fall@16.500ns period=33.000ns})
  Path Group:             dbg_hub/inst/BSCANID.u_xsdbm_id/SWITCH_N_EXT_BSCAN.bscan_inst/SERIES7_BSCAN.bscan_inst/TCK
  Path Type:              Setup (Max at Slow Process Corner)
  Requirement:            20.000ns  (MaxDelay Path 20.000ns)
  Data Path Delay:        1.148ns  (logic 0.478ns (41.634%)  route 0.670ns (58.366%))
  Logic Levels:           0  
  Timing Exception:       MaxDelay Path 20.000ns -datapath_only

    Location             Delay type                Incr(ns)  Path(ns)    Netlist Resource(s)
  -------------------------------------------------------------------    -------------------
    SLICE_X32Y81                                      0.000     0.000 r  dbg_hub/inst/BSCANID.u_xsdbm_id/CORE_XSDB.UUT_MASTER/U_ICON_INTERFACE/U_CMD6_WR/U_WR_FIFO/SUBCORE_FIFO.xsdbm_v3_0_6_wrfifo_inst/inst_fifo_gen/gconvfifo.rf/grf.rf/gntv_or_sync_fifo.gcx.clkx/gnxpm_cdc.rd_pntr_gc_reg[0]/C
    SLICE_X32Y81         FDCE (Prop_fdce_C_Q)         0.478     0.478 r  dbg_hub/inst/BSCANID.u_xsdbm_id/CORE_XSDB.UUT_MASTER/U_ICON_INTERFACE/U_CMD6_WR/U_WR_FIFO/SUBCORE_FIFO.xsdbm_v3_0_6_wrfifo_inst/inst_fifo_gen/gconvfifo.rf/grf.rf/gntv_or_sync_fifo.gcx.clkx/gnxpm_cdc.rd_pntr_gc_reg[0]/Q
                         net (fo=1, routed)           0.670     1.148    dbg_hub/inst/BSCANID.u_xsdbm_id/CORE_XSDB.UUT_MASTER/U_ICON_INTERFACE/U_CMD6_WR/U_WR_FIFO/SUBCORE_FIFO.xsdbm_v3_0_6_wrfifo_inst/inst_fifo_gen/gconvfifo.rf/grf.rf/gntv_or_sync_fifo.gcx.clkx/gnxpm_cdc.gsync_stage[1].wr_stg_inst/Q[0]
    SLICE_X32Y80         FDCE                                         r  dbg_hub/inst/BSCANID.u_xsdbm_id/CORE_XSDB.UUT_MASTER/U_ICON_INTERFACE/U_CMD6_WR/U_WR_FIFO/SUBCORE_FIFO.xsdbm_v3_0_6_wrfifo_inst/inst_fifo_gen/gconvfifo.rf/grf.rf/gntv_or_sync_fifo.gcx.clkx/gnxpm_cdc.gsync_stage[1].wr_stg_inst/Q_reg_reg[0]/D
  -------------------------------------------------------------------    -------------------

                         max delay                   20.000    20.000    <hidden>
    SLICE_X32Y80         FDCE (Setup_fdce_C_D)       -0.224    19.776    dbg_hub/inst/BSCANID.u_xsdbm_id/CORE_XSDB.UUT_MASTER/U_ICON_INTERFACE/U_CMD6_WR/U_WR_FIFO/SUBCORE_FIFO.xsdbm_v3_0_6_wrfifo_inst/inst_fifo_gen/gconvfifo.rf/grf.rf/gntv_or_sync_fifo.gcx.clkx/gnxpm_cdc.gsync_stage[1].wr_stg_inst/Q_reg_reg[0]
  -------------------------------------------------------------------
                         required time                         19.776    <hidden>
                         arrival time                          -1.148    <hidden>
  -------------------------------------------------------------------
                         slack                                 18.628    <hidden>





---------------------------------------------------------------------------------------------------
Path Group:  **async_default**
From Clock:  clk_50m_mmcm
  To Clock:  ADV_I2C_BITCLK

Setup :            0  Failing Endpoints,  Worst Slack       13.368ns,  Total Violation        0.000ns
Hold  :            0  Failing Endpoints,  Worst Slack        0.723ns,  Total Violation        0.000ns
---------------------------------------------------------------------------------------------------


Max Delay Paths
--------------------------------------------------------------------------------------
Slack (MET) :             13.368ns  (required time - arrival time)
  Source:                 sync_50m/rst_pipe_reg[1]/C
                            (rising edge-triggered cell FDCE clocked by clk_50m_mmcm  {rise@0.000ns fall@10.000ns period=20.000ns})
  Destination:            adv7611_manager/iic_ctrl/bcnt_reg[1]/CLR
                            (recovery check against rising-edge clock ADV_I2C_BITCLK  {rise@0.000ns fall@2500.000ns period=5000.000ns})
  Path Group:             **async_default**
  Path Type:              Recovery (Max at Slow Process Corner)
  Requirement:            20.000ns  (ADV_I2C_BITCLK fall@2500.000ns - clk_50m_mmcm rise@2480.000ns)
  Data Path Delay:        9.868ns  (logic 0.766ns (7.763%)  route 9.102ns (92.237%))
  Logic Levels:           2  (LUT1=1 LUT2=1)
  Clock Path Skew:        3.770ns (DCD - SCD + CPR)
    Destination Clock Delay (DCD):    6.618ns = ( 2506.618 - 2500.000 ) 
    Source Clock Delay      (SCD):    2.964ns = ( 2482.964 - 2480.000 ) 
    Clock Pessimism Removal (CPR):    0.116ns
  Clock Uncertainty:      0.179ns  ((TSJ^2 + DJ^2)^1/2) / 2 + PE
    Total System Jitter     (TSJ):    0.071ns
    Discrete Jitter          (DJ):    0.350ns
    Phase Error              (PE):    0.000ns

    Location             Delay type                Incr(ns)  Path(ns)    Netlist Resource(s)
  -------------------------------------------------------------------    -------------------
                         (clock clk_50m_mmcm rise edge)
                                                   2480.000  2480.000 r  <hidden>
    PS7_X0Y0             PS7                          0.000  2480.000 r  frame_processor/ps_system/ps_system_i/processing_system7_0/inst/PS7_i/FCLKCLK[1]
                         net (fo=1, routed)           1.207  2481.207    frame_processor/ps_system/ps_system_i/processing_system7_0/inst/FCLK_CLK_unbuffered[1]
    BUFGCTRL_X0Y4        BUFG (Prop_bufg_I_O)         0.101  2481.308 r  frame_processor/ps_system/ps_system_i/processing_system7_0/inst/buffer_fclk_clk_1.FCLK_CLK_1_BUFG/O
                         net (fo=562, routed)         1.677  2482.985    clock_pll/CLK_50M
    MMCME2_ADV_X0Y0      MMCME2_ADV (Prop_mmcme2_adv_CLKIN1_CLKOUT1)
                                                     -3.538  2479.447 r  clock_pll/u_mmcm/CLKOUT1
                         net (fo=1, routed)           1.760  2481.207    clock_pll/clk_50m_mmcm
    BUFGCTRL_X0Y1        BUFG (Prop_bufg_I_O)         0.101  2481.308 r  clock_pll/u_50m_buf/O
                         net (fo=8016, routed)        1.656  2482.964    sync_50m/CLK
    SLICE_X12Y71         FDCE                                         r  sync_50m/rst_pipe_reg[1]/C
  -------------------------------------------------------------------    -------------------
    SLICE_X12Y71         FDCE (Prop_fdce_C_Q)         0.518  2483.482 r  sync_50m/rst_pipe_reg[1]/Q
                         net (fo=11, routed)          2.697  2486.180    sync_50m/rst_pipe[1]
    SLICE_X23Y84         LUT2 (Prop_lut2_I0_O)        0.124  2486.304 r  sync_50m/video_card_rst_n_OBUF_inst_i_1/O
                         net (fo=2, routed)           1.850  2488.153    adv7611_manager/iic_ctrl/rst_n
    SLICE_X23Y84         LUT1 (Prop_lut1_I0_O)        0.124  2488.277 f  adv7611_manager/iic_ctrl/iic_scl_i_3/O
                         net (fo=372, routed)         4.555  2492.832    adv7611_manager/iic_ctrl/rst_pipe_reg[1]
    SLICE_X6Y82          FDCE                                         f  adv7611_manager/iic_ctrl/bcnt_reg[1]/CLR
  -------------------------------------------------------------------    -------------------

                         (clock ADV_I2C_BITCLK fall edge)
                                                   2500.000  2500.000 r  <hidden>
    PS7_X0Y0             PS7                          0.000  2500.000 r  frame_processor/ps_system/ps_system_i/processing_system7_0/inst/PS7_i/FCLKCLK[1]
                         net (fo=1, routed)           1.101  2501.101    frame_processor/ps_system/ps_system_i/processing_system7_0/inst/FCLK_CLK_unbuffered[1]
    BUFGCTRL_X0Y4        BUFG (Prop_bufg_I_O)         0.091  2501.192 r  frame_processor/ps_system/ps_system_i/processing_system7_0/inst/buffer_fclk_clk_1.FCLK_CLK_1_BUFG/O
                         net (fo=562, routed)         1.487  2502.679    clock_pll/CLK_50M
    MMCME2_ADV_X0Y0      MMCME2_ADV (Prop_mmcme2_adv_CLKIN1_CLKOUT1)
                                                     -3.177  2499.502 r  clock_pll/u_mmcm/CLKOUT1
                         net (fo=1, routed)           1.599  2501.101    clock_pll/clk_50m_mmcm
    BUFGCTRL_X0Y1        BUFG (Prop_bufg_I_O)         0.091  2501.192 r  clock_pll/u_50m_buf/O
                         net (fo=8016, routed)        1.489  2502.681    adv7611_manager/iic_ctrl/clk
    SLICE_X8Y82          FDCE (Prop_fdce_C_Q)         0.418  2503.099 f  adv7611_manager/iic_ctrl/scl_clk_reg/Q
                         net (fo=3, routed)           1.941  2505.039    adv7611_manager/iic_ctrl_n_85
    BUFGCTRL_X0Y7        BUFG (Prop_bufg_I_O)         0.091  2505.130 f  adv7611_manager/iic_ack_error_reg_i_2/O
                         net (fo=50, routed)          1.488  2506.618    adv7611_manager/iic_ctrl/CLK
    SLICE_X6Y82          FDCE                                         r  adv7611_manager/iic_ctrl/bcnt_reg[1]/C  (IS_INVERTED)
                         clock pessimism              0.116  2506.734    <hidden>
                         clock uncertainty           -0.179  2506.555    <hidden>
    SLICE_X6Y82          FDCE (Recov_fdce_C_CLR)     -0.356  2506.199    adv7611_manager/iic_ctrl/bcnt_reg[1]
  -------------------------------------------------------------------
                         required time                       2506.199    <hidden>
                         arrival time                       -2492.832    <hidden>
  -------------------------------------------------------------------
                         slack                                 13.368    <hidden>





Min Delay Paths
--------------------------------------------------------------------------------------
Slack (MET) :             0.723ns  (arrival time - required time)
  Source:                 adv_reset_n_reg/C
                            (rising edge-triggered cell FDCE clocked by clk_50m_mmcm  {rise@0.000ns fall@10.000ns period=20.000ns})
  Destination:            adv7611_manager/iic_ctrl/iic_busy_reg/CLR
                            (removal check against rising-edge clock ADV_I2C_BITCLK  {rise@0.000ns fall@2500.000ns period=5000.000ns})
  Path Group:             **async_default**
  Path Type:              Removal (Min at Fast Process Corner)
  Requirement:            0.000ns  (ADV_I2C_BITCLK fall@2500.000ns - clk_50m_mmcm rise@2500.000ns)
  Data Path Delay:        3.083ns  (logic 0.231ns (7.492%)  route 2.852ns (92.508%))
  Logic Levels:           2  (LUT1=1 LUT2=1)
  Clock Path Skew:        2.424ns (DCD - SCD - CPR)
    Destination Clock Delay (DCD):    3.351ns = ( 2503.351 - 2500.000 ) 
    Source Clock Delay      (SCD):    0.898ns = ( 2500.898 - 2500.000 ) 
    Clock Pessimism Removal (CPR):    0.029ns

    Location             Delay type                Incr(ns)  Path(ns)    Netlist Resource(s)
  -------------------------------------------------------------------    -------------------
                         (clock clk_50m_mmcm rise edge)
                                                   2500.000  2500.000 r  <hidden>
    PS7_X0Y0             PS7                          0.000  2500.000 r  frame_processor/ps_system/ps_system_i/processing_system7_0/inst/PS7_i/FCLKCLK[1]
                         net (fo=1, routed)           0.315  2500.315    frame_processor/ps_system/ps_system_i/processing_system7_0/inst/FCLK_CLK_unbuffered[1]
    BUFGCTRL_X0Y4        BUFG (Prop_bufg_I_O)         0.026  2500.341 r  frame_processor/ps_system/ps_system_i/processing_system7_0/inst/buffer_fclk_clk_1.FCLK_CLK_1_BUFG/O
                         net (fo=562, routed)         0.546  2500.886    clock_pll/CLK_50M
    MMCME2_ADV_X0Y0      MMCME2_ADV (Prop_mmcme2_adv_CLKIN1_CLKOUT1)
                                                     -1.053  2499.833 r  clock_pll/u_mmcm/CLKOUT1
                         net (fo=1, routed)           0.482  2500.315    clock_pll/clk_50m_mmcm
    BUFGCTRL_X0Y1        BUFG (Prop_bufg_I_O)         0.026  2500.341 r  clock_pll/u_50m_buf/O
                         net (fo=8016, routed)        0.557  2500.897    clk_50m
    SLICE_X26Y85         FDCE                                         r  adv_reset_n_reg/C
  -------------------------------------------------------------------    -------------------
    SLICE_X26Y85         FDCE (Prop_fdce_C_Q)         0.141  2501.039 r  adv_reset_n_reg/Q
                         net (fo=3, routed)           0.801  2501.839    sync_50m/video_card_rst_n
    SLICE_X23Y84         LUT2 (Prop_lut2_I1_O)        0.045  2501.884 r  sync_50m/video_card_rst_n_OBUF_inst_i_1/O
                         net (fo=2, routed)           0.941  2502.825    adv7611_manager/iic_ctrl/rst_n
    SLICE_X23Y84         LUT1 (Prop_lut1_I0_O)        0.045  2502.870 f  adv7611_manager/iic_ctrl/iic_scl_i_3/O
                         net (fo=372, routed)         1.111  2503.981    adv7611_manager/iic_ctrl/rst_pipe_reg[1]
    SLICE_X8Y84          FDCE                                         f  adv7611_manager/iic_ctrl/iic_busy_reg/CLR
  -------------------------------------------------------------------    -------------------

                         (clock ADV_I2C_BITCLK fall edge)
                                                   2500.000  2500.000 r  <hidden>
    PS7_X0Y0             PS7                          0.000  2500.000 r  frame_processor/ps_system/ps_system_i/processing_system7_0/inst/PS7_i/FCLKCLK[1]
                         net (fo=1, routed)           0.341  2500.341    frame_processor/ps_system/ps_system_i/processing_system7_0/inst/FCLK_CLK_unbuffered[1]
    BUFGCTRL_X0Y4        BUFG (Prop_bufg_I_O)         0.029  2500.370 r  frame_processor/ps_system/ps_system_i/processing_system7_0/inst/buffer_fclk_clk_1.FCLK_CLK_1_BUFG/O
                         net (fo=562, routed)         0.812  2501.182    clock_pll/CLK_50M
    MMCME2_ADV_X0Y0      MMCME2_ADV (Prop_mmcme2_adv_CLKIN1_CLKOUT1)
                                                     -1.369  2499.813 r  clock_pll/u_mmcm/CLKOUT1
                         net (fo=1, routed)           0.528  2500.341    clock_pll/clk_50m_mmcm
    BUFGCTRL_X0Y1        BUFG (Prop_bufg_I_O)         0.029  2500.370 r  clock_pll/u_50m_buf/O
                         net (fo=8016, routed)        0.825  2501.195    adv7611_manager/iic_ctrl/clk
    SLICE_X8Y82          FDCE (Prop_fdce_C_Q)         0.204  2501.399 f  adv7611_manager/iic_ctrl/scl_clk_reg/Q
                         net (fo=3, routed)           1.096  2502.495    adv7611_manager/iic_ctrl_n_85
    BUFGCTRL_X0Y7        BUFG (Prop_bufg_I_O)         0.029  2502.524 f  adv7611_manager/iic_ack_error_reg_i_2/O
                         net (fo=50, routed)          0.827  2503.351    adv7611_manager/iic_ctrl/CLK
    SLICE_X8Y84          FDCE                                         r  adv7611_manager/iic_ctrl/iic_busy_reg/C  (IS_INVERTED)
                         clock pessimism             -0.029  2503.322    <hidden>
    SLICE_X8Y84          FDCE (Remov_fdce_C_CLR)     -0.063  2503.259    adv7611_manager/iic_ctrl/iic_busy_reg
  -------------------------------------------------------------------
                         required time                      -2503.259    <hidden>
                         arrival time                        2503.981    <hidden>
  -------------------------------------------------------------------
                         slack                                  0.723    <hidden>





---------------------------------------------------------------------------------------------------
Path Group:  **async_default**
From Clock:  clk_50m_mmcm
  To Clock:  clk_50m_mmcm

Setup :            0  Failing Endpoints,  Worst Slack        7.967ns,  Total Violation        0.000ns
Hold  :            0  Failing Endpoints,  Worst Slack        0.245ns,  Total Violation        0.000ns
---------------------------------------------------------------------------------------------------


Max Delay Paths
--------------------------------------------------------------------------------------
Slack (MET) :             7.967ns  (required time - arrival time)
  Source:                 system_manager/datapath_run_reg/C
                            (rising edge-triggered cell FDPE clocked by clk_50m_mmcm  {rise@0.000ns fall@10.000ns period=20.000ns})
  Destination:            frame_processor/page_guards[1].write_guard/physical_size_reg[1]/CLR
                            (recovery check against rising-edge clock clk_50m_mmcm  {rise@0.000ns fall@10.000ns period=20.000ns})
  Path Group:             **async_default**
  Path Type:              Recovery (Max at Slow Process Corner)
  Requirement:            20.000ns  (clk_50m_mmcm rise@20.000ns - clk_50m_mmcm rise@0.000ns)
  Data Path Delay:        11.420ns  (logic 0.580ns (5.079%)  route 10.840ns (94.921%))
  Logic Levels:           1  (LUT2=1)
  Clock Path Skew:        -0.074ns (DCD - SCD + CPR)
    Destination Clock Delay (DCD):    2.768ns = ( 22.768 - 20.000 ) 
    Source Clock Delay      (SCD):    2.958ns
    Clock Pessimism Removal (CPR):    0.116ns
  Clock Uncertainty:      0.179ns  ((TSJ^2 + DJ^2)^1/2) / 2 + PE
    Total System Jitter     (TSJ):    0.071ns
    Discrete Jitter          (DJ):    0.350ns
    Phase Error              (PE):    0.000ns

    Location             Delay type                Incr(ns)  Path(ns)    Netlist Resource(s)
  -------------------------------------------------------------------    -------------------
                         (clock clk_50m_mmcm rise edge)
                                                      0.000     0.000 r  <hidden>
    PS7_X0Y0             PS7                          0.000     0.000 r  frame_processor/ps_system/ps_system_i/processing_system7_0/inst/PS7_i/FCLKCLK[1]
                         net (fo=1, routed)           1.207     1.207    frame_processor/ps_system/ps_system_i/processing_system7_0/inst/FCLK_CLK_unbuffered[1]
    BUFGCTRL_X0Y4        BUFG (Prop_bufg_I_O)         0.101     1.308 r  frame_processor/ps_system/ps_system_i/processing_system7_0/inst/buffer_fclk_clk_1.FCLK_CLK_1_BUFG/O
                         net (fo=562, routed)         1.677     2.985    clock_pll/CLK_50M
    MMCME2_ADV_X0Y0      MMCME2_ADV (Prop_mmcme2_adv_CLKIN1_CLKOUT1)
                                                     -3.538    -0.553 r  clock_pll/u_mmcm/CLKOUT1
                         net (fo=1, routed)           1.760     1.207    clock_pll/clk_50m_mmcm
    BUFGCTRL_X0Y1        BUFG (Prop_bufg_I_O)         0.101     1.308 r  clock_pll/u_50m_buf/O
                         net (fo=8016, routed)        1.650     2.958    system_manager/CLK
    SLICE_X11Y74         FDPE                                         r  system_manager/datapath_run_reg/C
  -------------------------------------------------------------------    -------------------
    SLICE_X11Y74         FDPE (Prop_fdpe_C_Q)         0.456     3.414 r  system_manager/datapath_run_reg/Q
                         net (fo=6, routed)           1.675     5.089    sync_50m/datapath_run
    SLICE_X13Y49         LUT2 (Prop_lut2_I1_O)        0.124     5.213 f  sync_50m/state[1]_i_2/O
                         net (fo=644, routed)         9.165    14.378    frame_processor/page_guards[1].write_guard/physical_size_reg[15]_1
    SLICE_X38Y0          FDCE                                         f  frame_processor/page_guards[1].write_guard/physical_size_reg[1]/CLR
  -------------------------------------------------------------------    -------------------

                         (clock clk_50m_mmcm rise edge)
                                                     20.000    20.000 r  <hidden>
    PS7_X0Y0             PS7                          0.000    20.000 r  frame_processor/ps_system/ps_system_i/processing_system7_0/inst/PS7_i/FCLKCLK[1]
                         net (fo=1, routed)           1.101    21.101    frame_processor/ps_system/ps_system_i/processing_system7_0/inst/FCLK_CLK_unbuffered[1]
    BUFGCTRL_X0Y4        BUFG (Prop_bufg_I_O)         0.091    21.192 r  frame_processor/ps_system/ps_system_i/processing_system7_0/inst/buffer_fclk_clk_1.FCLK_CLK_1_BUFG/O
                         net (fo=562, routed)         1.487    22.680    clock_pll/CLK_50M
    MMCME2_ADV_X0Y0      MMCME2_ADV (Prop_mmcme2_adv_CLKIN1_CLKOUT1)
                                                     -3.177    19.502 r  clock_pll/u_mmcm/CLKOUT1
                         net (fo=1, routed)           1.599    21.101    clock_pll/clk_50m_mmcm
    BUFGCTRL_X0Y1        BUFG (Prop_bufg_I_O)         0.091    21.192 r  clock_pll/u_50m_buf/O
                         net (fo=8016, routed)        1.576    22.769    frame_processor/page_guards[1].write_guard/CLK
    SLICE_X38Y0          FDCE                                         r  frame_processor/page_guards[1].write_guard/physical_size_reg[1]/C
                         clock pessimism              0.116    22.884    <hidden>
                         clock uncertainty           -0.179    22.706    <hidden>
    SLICE_X38Y0          FDCE (Recov_fdce_C_CLR)     -0.361    22.345    frame_processor/page_guards[1].write_guard/physical_size_reg[1]
  -------------------------------------------------------------------
                         required time                         22.345    <hidden>
                         arrival time                         -14.378    <hidden>
  -------------------------------------------------------------------
                         slack                                  7.967    <hidden>





Min Delay Paths
--------------------------------------------------------------------------------------
Slack (MET) :             0.245ns  (arrival time - required time)
  Source:                 frame_processor/ps_system/ps_system_i/axi_interconnect_0/s02_couplers/auto_cc/inst/gen_clock_conv.gen_async_conv.asyncfifo_axi/<hidden>/<hidden>/<hidden>/<hidden>/<hidden>/<hidden>
                            (rising edge-triggered cell FDPE clocked by clk_50m_mmcm  {rise@0.000ns fall@10.000ns period=20.000ns})
  Destination:            frame_processor/ps_system/ps_system_i/axi_interconnect_0/s02_couplers/auto_cc/inst/gen_clock_conv.gen_async_conv.asyncfifo_axi/<hidden>/<hidden>/<hidden>/<hidden>/<hidden>/<hidden>/<hidden>
                            (removal check against rising-edge clock clk_50m_mmcm  {rise@0.000ns fall@10.000ns period=20.000ns})
  Path Group:             **async_default**
  Path Type:              Removal (Min at Fast Process Corner)
  Requirement:            0.000ns  (clk_50m_mmcm rise@0.000ns - clk_50m_mmcm rise@0.000ns)
  Data Path Delay:        0.423ns  (logic 0.141ns (33.338%)  route 0.282ns (66.662%))
  Logic Levels:           0  
  Clock Path Skew:        0.270ns (DCD - SCD - CPR)
    Destination Clock Delay (DCD):    1.201ns
    Source Clock Delay      (SCD):    0.902ns
    Clock Pessimism Removal (CPR):    0.029ns

    Location             Delay type                Incr(ns)  Path(ns)    Netlist Resource(s)
  -------------------------------------------------------------------    -------------------
                         (clock clk_50m_mmcm rise edge)
                                                      0.000     0.000 r  <hidden>
    PS7_X0Y0             PS7                          0.000     0.000 r  frame_processor/ps_system/ps_system_i/processing_system7_0/inst/PS7_i/FCLKCLK[1]
                         net (fo=1, routed)           0.315     0.315    frame_processor/ps_system/ps_system_i/processing_system7_0/inst/FCLK_CLK_unbuffered[1]
    BUFGCTRL_X0Y4        BUFG (Prop_bufg_I_O)         0.026     0.341 r  frame_processor/ps_system/ps_system_i/processing_system7_0/inst/buffer_fclk_clk_1.FCLK_CLK_1_BUFG/O
                         net (fo=562, routed)         0.546     0.887    clock_pll/CLK_50M
    MMCME2_ADV_X0Y0      MMCME2_ADV (Prop_mmcme2_adv_CLKIN1_CLKOUT1)
                                                     -1.053    -0.167 r  clock_pll/u_mmcm/CLKOUT1
                         net (fo=1, routed)           0.482     0.315    clock_pll/clk_50m_mmcm
    BUFGCTRL_X0Y1        BUFG (Prop_bufg_I_O)         0.026     0.341 r  clock_pll/u_50m_buf/O
                         net (fo=8016, routed)        0.561     0.902    frame_processor/ps_system/ps_system_i/axi_interconnect_0/s02_couplers/auto_cc/inst/gen_clock_conv.gen_async_conv.asyncfifo_axi/<hidden>/<hidden>/<hidden>/<hidden>/<hidden>
    SLICE_X21Y49         FDPE                                         r  frame_processor/ps_system/ps_system_i/axi_interconnect_0/s02_couplers/auto_cc/inst/gen_clock_conv.gen_async_conv.asyncfifo_axi/<hidden>/<hidden>/<hidden>/<hidden>/<hidden>/<hidden>
  -------------------------------------------------------------------    -------------------
    SLICE_X21Y49         FDPE (Prop_fdpe_C_Q)         0.141     1.043 f  frame_processor/ps_system/ps_system_i/axi_interconnect_0/s02_couplers/auto_cc/inst/gen_clock_conv.gen_async_conv.asyncfifo_axi/<hidden>/<hidden>/<hidden>/<hidden>/<hidden>/<hidden>
                         net (fo=15, routed)          0.282     1.324    frame_processor/ps_system/ps_system_i/axi_interconnect_0/s02_couplers/auto_cc/inst/gen_clock_conv.gen_async_conv.asyncfifo_axi/<hidden>/<hidden>/<hidden>/<hidden>/<hidden>/<hidden>
    SLICE_X19Y50         FDCE                                         f  frame_processor/ps_system/ps_system_i/axi_interconnect_0/s02_couplers/auto_cc/inst/gen_clock_conv.gen_async_conv.asyncfifo_axi/<hidden>/<hidden>/<hidden>/<hidden>/<hidden>/<hidden>/<hidden>
  -------------------------------------------------------------------    -------------------

                         (clock clk_50m_mmcm rise edge)
                                                      0.000     0.000 r  <hidden>
    PS7_X0Y0             PS7                          0.000     0.000 r  frame_processor/ps_system/ps_system_i/processing_system7_0/inst/PS7_i/FCLKCLK[1]
                         net (fo=1, routed)           0.341     0.341    frame_processor/ps_system/ps_system_i/processing_system7_0/inst/FCLK_CLK_unbuffered[1]
    BUFGCTRL_X0Y4        BUFG (Prop_bufg_I_O)         0.029     0.370 r  frame_processor/ps_system/ps_system_i/processing_system7_0/inst/buffer_fclk_clk_1.FCLK_CLK_1_BUFG/O
                         net (fo=562, routed)         0.812     1.182    clock_pll/CLK_50M
    MMCME2_ADV_X0Y0      MMCME2_ADV (Prop_mmcme2_adv_CLKIN1_CLKOUT1)
                                                     -1.369    -0.187 r  clock_pll/u_mmcm/CLKOUT1
                         net (fo=1, routed)           0.528     0.341    clock_pll/clk_50m_mmcm
    BUFGCTRL_X0Y1        BUFG (Prop_bufg_I_O)         0.029     0.370 r  clock_pll/u_50m_buf/O
                         net (fo=8016, routed)        0.831     1.201    frame_processor/ps_system/ps_system_i/axi_interconnect_0/s02_couplers/auto_cc/inst/gen_clock_conv.gen_async_conv.asyncfifo_axi/<hidden>/<hidden>/<hidden>/<hidden>/<hidden>/<hidden>
    SLICE_X19Y50         FDCE                                         r  frame_processor/ps_system/ps_system_i/axi_interconnect_0/s02_couplers/auto_cc/inst/gen_clock_conv.gen_async_conv.asyncfifo_axi/<hidden>/<hidden>/<hidden>/<hidden>/<hidden>/<hidden>/<hidden>
                         clock pessimism             -0.029     1.172    <hidden>
    SLICE_X19Y50         FDCE (Remov_fdce_C_CLR)     -0.092     1.080    frame_processor/ps_system/ps_system_i/axi_interconnect_0/s02_couplers/auto_cc/inst/gen_clock_conv.gen_async_conv.asyncfifo_axi/<hidden>/<hidden>/<hidden>/<hidden>/<hidden>/<hidden>
  -------------------------------------------------------------------
                         required time                         -1.080    <hidden>
                         arrival time                           1.324    <hidden>
  -------------------------------------------------------------------
                         slack                                  0.245    <hidden>





---------------------------------------------------------------------------------------------------
Path Group:  **async_default**
From Clock:  clk_fpga_1
  To Clock:  clk_50m_mmcm

Setup :            0  Failing Endpoints,  Worst Slack       15.755ns,  Total Violation        0.000ns
Hold  :            0  Failing Endpoints,  Worst Slack        0.610ns,  Total Violation        0.000ns
---------------------------------------------------------------------------------------------------


Max Delay Paths
--------------------------------------------------------------------------------------
Slack (MET) :             15.755ns  (required time - arrival time)
  Source:                 startup_delay/rst_d0_reg/C
                            (rising edge-triggered cell FDRE clocked by clk_fpga_1  {rise@0.000ns fall@10.000ns period=20.000ns})
  Destination:            sync_50m/rst_pipe_reg[0]/CLR
                            (recovery check against rising-edge clock clk_50m_mmcm  {rise@0.000ns fall@10.000ns period=20.000ns})
  Path Group:             **async_default**
  Path Type:              Recovery (Max at Slow Process Corner)
  Requirement:            20.000ns  (clk_50m_mmcm rise@20.000ns - clk_fpga_1 rise@0.000ns)
  Data Path Delay:        3.139ns  (logic 0.642ns (20.455%)  route 2.497ns (79.545%))
  Logic Levels:           1  (LUT2=1)
  Clock Path Skew:        -0.247ns (DCD - SCD + CPR)
    Destination Clock Delay (DCD):    2.677ns = ( 22.677 - 20.000 ) 
    Source Clock Delay      (SCD):    3.040ns
    Clock Pessimism Removal (CPR):    0.116ns
  Clock Uncertainty:      0.498ns  ((TSJ^2 + TIJ^2 + DJ^2)^1/2) / 2 + PE
    Total System Jitter     (TSJ):    0.071ns
    Total Input Jitter      (TIJ):    0.600ns
    Discrete Jitter          (DJ):    0.350ns
    Phase Error              (PE):    0.149ns

    Location             Delay type                Incr(ns)  Path(ns)    Netlist Resource(s)
  -------------------------------------------------------------------    -------------------
                         (clock clk_fpga_1 rise edge)
                                                      0.000     0.000 r  <hidden>
    PS7_X0Y0             PS7                          0.000     0.000 r  frame_processor/ps_system/ps_system_i/processing_system7_0/inst/PS7_i/FCLKCLK[1]
                         net (fo=1, routed)           1.207     1.207    frame_processor/ps_system/ps_system_i/processing_system7_0/inst/FCLK_CLK_unbuffered[1]
    BUFGCTRL_X0Y4        BUFG (Prop_bufg_I_O)         0.101     1.308 r  frame_processor/ps_system/ps_system_i/processing_system7_0/inst/buffer_fclk_clk_1.FCLK_CLK_1_BUFG/O
                         net (fo=562, routed)         1.732     3.040    startup_delay/CLK
    SLICE_X42Y81         FDRE                                         r  startup_delay/rst_d0_reg/C
  -------------------------------------------------------------------    -------------------
    SLICE_X42Y81         FDRE (Prop_fdre_C_Q)         0.518     3.558 r  startup_delay/rst_d0_reg/Q
                         net (fo=1, routed)           0.643     4.201    clock_pll/rst_n
    SLICE_X43Y81         LUT2 (Prop_lut2_I1_O)        0.124     4.325 f  clock_pll/rst_pipe[1]_i_1/O
                         net (fo=2, routed)           1.853     6.179    sync_50m/rst_pipe_reg[0]_0
    SLICE_X12Y71         FDCE                                         f  sync_50m/rst_pipe_reg[0]/CLR
  -------------------------------------------------------------------    -------------------

                         (clock clk_50m_mmcm rise edge)
                                                     20.000    20.000 r  <hidden>
    PS7_X0Y0             PS7                          0.000    20.000 r  frame_processor/ps_system/ps_system_i/processing_system7_0/inst/PS7_i/FCLKCLK[1]
                         net (fo=1, routed)           1.101    21.101    frame_processor/ps_system/ps_system_i/processing_system7_0/inst/FCLK_CLK_unbuffered[1]
    BUFGCTRL_X0Y4        BUFG (Prop_bufg_I_O)         0.091    21.192 r  frame_processor/ps_system/ps_system_i/processing_system7_0/inst/buffer_fclk_clk_1.FCLK_CLK_1_BUFG/O
                         net (fo=562, routed)         1.487    22.680    clock_pll/CLK_50M
    MMCME2_ADV_X0Y0      MMCME2_ADV (Prop_mmcme2_adv_CLKIN1_CLKOUT1)
                                                     -3.177    19.502 r  clock_pll/u_mmcm/CLKOUT1
                         net (fo=1, routed)           1.599    21.101    clock_pll/clk_50m_mmcm
    BUFGCTRL_X0Y1        BUFG (Prop_bufg_I_O)         0.091    21.192 r  clock_pll/u_50m_buf/O
                         net (fo=8016, routed)        1.485    22.677    sync_50m/CLK
    SLICE_X12Y71         FDCE                                         r  sync_50m/rst_pipe_reg[0]/C
                         clock pessimism              0.116    22.793    <hidden>
                         clock uncertainty           -0.498    22.295    <hidden>
    SLICE_X12Y71         FDCE (Recov_fdce_C_CLR)     -0.361    21.934    sync_50m/rst_pipe_reg[0]
  -------------------------------------------------------------------
                         required time                         21.934    <hidden>
                         arrival time                          -6.179    <hidden>
  -------------------------------------------------------------------
                         slack                                 15.755    <hidden>





Min Delay Paths
--------------------------------------------------------------------------------------
Slack (MET) :             0.610ns  (arrival time - required time)
  Source:                 startup_delay/rst_d0_reg/C
                            (rising edge-triggered cell FDRE clocked by clk_fpga_1  {rise@0.000ns fall@10.000ns period=20.000ns})
  Destination:            sync_50m/rst_pipe_reg[0]/CLR
                            (removal check against rising-edge clock clk_50m_mmcm  {rise@0.000ns fall@10.000ns period=20.000ns})
  Path Group:             **async_default**
  Path Type:              Removal (Min at Fast Process Corner)
  Requirement:            0.000ns  (clk_50m_mmcm rise@0.000ns - clk_fpga_1 rise@0.000ns)
  Data Path Delay:        1.280ns  (logic 0.209ns (16.334%)  route 1.071ns (83.667%))
  Logic Levels:           1  (LUT2=1)
  Clock Path Skew:        0.238ns (DCD - SCD - CPR)
    Destination Clock Delay (DCD):    1.191ns
    Source Clock Delay      (SCD):    0.924ns
    Clock Pessimism Removal (CPR):    0.029ns
  Clock Uncertainty:      0.498ns  ((TSJ^2 + TIJ^2 + DJ^2)^1/2) / 2 + PE
    Total System Jitter     (TSJ):    0.071ns
    Total Input Jitter      (TIJ):    0.600ns
    Discrete Jitter          (DJ):    0.350ns
    Phase Error              (PE):    0.149ns

    Location             Delay type                Incr(ns)  Path(ns)    Netlist Resource(s)
  -------------------------------------------------------------------    -------------------
                         (clock clk_fpga_1 rise edge)
                                                      0.000     0.000 r  <hidden>
    PS7_X0Y0             PS7                          0.000     0.000 r  frame_processor/ps_system/ps_system_i/processing_system7_0/inst/PS7_i/FCLKCLK[1]
                         net (fo=1, routed)           0.315     0.315    frame_processor/ps_system/ps_system_i/processing_system7_0/inst/FCLK_CLK_unbuffered[1]
    BUFGCTRL_X0Y4        BUFG (Prop_bufg_I_O)         0.026     0.341 r  frame_processor/ps_system/ps_system_i/processing_system7_0/inst/buffer_fclk_clk_1.FCLK_CLK_1_BUFG/O
                         net (fo=562, routed)         0.583     0.924    startup_delay/CLK
    SLICE_X42Y81         FDRE                                         r  startup_delay/rst_d0_reg/C
  -------------------------------------------------------------------    -------------------
    SLICE_X42Y81         FDRE (Prop_fdre_C_Q)         0.164     1.088 r  startup_delay/rst_d0_reg/Q
                         net (fo=1, routed)           0.213     1.301    clock_pll/rst_n
    SLICE_X43Y81         LUT2 (Prop_lut2_I1_O)        0.045     1.346 f  clock_pll/rst_pipe[1]_i_1/O
                         net (fo=2, routed)           0.857     2.203    sync_50m/rst_pipe_reg[0]_0
    SLICE_X12Y71         FDCE                                         f  sync_50m/rst_pipe_reg[0]/CLR
  -------------------------------------------------------------------    -------------------

                         (clock clk_50m_mmcm rise edge)
                                                      0.000     0.000 r  <hidden>
    PS7_X0Y0             PS7                          0.000     0.000 r  frame_processor/ps_system/ps_system_i/processing_system7_0/inst/PS7_i/FCLKCLK[1]
                         net (fo=1, routed)           0.341     0.341    frame_processor/ps_system/ps_system_i/processing_system7_0/inst/FCLK_CLK_unbuffered[1]
    BUFGCTRL_X0Y4        BUFG (Prop_bufg_I_O)         0.029     0.370 r  frame_processor/ps_system/ps_system_i/processing_system7_0/inst/buffer_fclk_clk_1.FCLK_CLK_1_BUFG/O
                         net (fo=562, routed)         0.812     1.182    clock_pll/CLK_50M
    MMCME2_ADV_X0Y0      MMCME2_ADV (Prop_mmcme2_adv_CLKIN1_CLKOUT1)
                                                     -1.369    -0.187 r  clock_pll/u_mmcm/CLKOUT1
                         net (fo=1, routed)           0.528     0.341    clock_pll/clk_50m_mmcm
    BUFGCTRL_X0Y1        BUFG (Prop_bufg_I_O)         0.029     0.370 r  clock_pll/u_50m_buf/O
                         net (fo=8016, routed)        0.821     1.191    sync_50m/CLK
    SLICE_X12Y71         FDCE                                         r  sync_50m/rst_pipe_reg[0]/C
                         clock pessimism             -0.029     1.162    <hidden>
                         clock uncertainty            0.498     1.660    <hidden>
    SLICE_X12Y71         FDCE (Remov_fdce_C_CLR)     -0.067     1.593    sync_50m/rst_pipe_reg[0]
  -------------------------------------------------------------------
                         required time                         -1.593    <hidden>
                         arrival time                           2.203    <hidden>
  -------------------------------------------------------------------
                         slack                                  0.610    <hidden>





---------------------------------------------------------------------------------------------------
Path Group:  **async_default**
From Clock:  clk_fpga_0
  To Clock:  clk_fpga_0

Setup :            0  Failing Endpoints,  Worst Slack        5.118ns,  Total Violation        0.000ns
Hold  :            0  Failing Endpoints,  Worst Slack        0.236ns,  Total Violation        0.000ns
---------------------------------------------------------------------------------------------------


Max Delay Paths
--------------------------------------------------------------------------------------
Slack (MET) :             5.118ns  (required time - arrival time)
  Source:                 frame_processor/ps_system/ps_system_i/axi_interconnect_0/s00_couplers/auto_pc/inst/gen_axi4_axi3.axi3_conv_inst/USE_READ.USE_SPLIT_R.read_addr_inst/USE_R_CHANNEL.cmd_queue/inst/fifo_gen_inst/<hidden>/<hidden>/<hidden>/<hidden>/<hidden>/<hidden>/<hidden>
                            (rising edge-triggered cell FDPE clocked by clk_fpga_0  {rise@0.000ns fall@5.000ns period=10.000ns})
  Destination:            frame_processor/ps_system/ps_system_i/axi_interconnect_0/s00_couplers/auto_pc/inst/gen_axi4_axi3.axi3_conv_inst/USE_READ.USE_SPLIT_R.read_addr_inst/USE_R_CHANNEL.cmd_queue/inst/fifo_gen_inst/<hidden>/<hidden>/<hidden>/<hidden>/<hidden>/<hidden>/<hidden>
                            (recovery check against rising-edge clock clk_fpga_0  {rise@0.000ns fall@5.000ns period=10.000ns})
  Path Group:             **async_default**
  Path Type:              Recovery (Max at Slow Process Corner)
  Requirement:            10.000ns  (clk_fpga_0 rise@10.000ns - clk_fpga_0 rise@0.000ns)
  Data Path Delay:        4.257ns  (logic 0.718ns (16.868%)  route 3.539ns (83.132%))
  Logic Levels:           1  (LUT3=1)
  Clock Path Skew:        -0.066ns (DCD - SCD + CPR)
    Destination Clock Delay (DCD):    2.691ns = ( 12.691 - 10.000 ) 
    Source Clock Delay      (SCD):    2.988ns
    Clock Pessimism Removal (CPR):    0.230ns
  Clock Uncertainty:      0.154ns  ((TSJ^2 + TIJ^2)^1/2 + DJ) / 2 + PE
    Total System Jitter     (TSJ):    0.071ns
    Total Input Jitter      (TIJ):    0.300ns
    Discrete Jitter          (DJ):    0.000ns
    Phase Error              (PE):    0.000ns

    Location             Delay type                Incr(ns)  Path(ns)    Netlist Resource(s)
  -------------------------------------------------------------------    -------------------
                         (clock clk_fpga_0 rise edge)
                                                      0.000     0.000 r  <hidden>
    PS7_X0Y0             PS7                          0.000     0.000 r  frame_processor/ps_system/ps_system_i/processing_system7_0/inst/PS7_i/FCLKCLK[0]
                         net (fo=1, routed)           1.207     1.207    frame_processor/ps_system/ps_system_i/processing_system7_0/inst/FCLK_CLK0
    BUFGCTRL_X0Y3        BUFG (Prop_bufg_I_O)         0.101     1.308 r  frame_processor/ps_system/ps_system_i/processing_system7_0/inst/FCLK_CLK0_BUFG_inst/O
                         net (fo=7892, routed)        1.680     2.988    frame_processor/ps_system/ps_system_i/axi_interconnect_0/s00_couplers/auto_pc/inst/gen_axi4_axi3.axi3_conv_inst/USE_READ.USE_SPLIT_R.read_addr_inst/USE_R_CHANNEL.cmd_queue/inst/fifo_gen_inst/<hidden>/<hidden>/<hidden>/<hidden>/<hidden>/<hidden>
    SLICE_X11Y41         FDPE                                         r  frame_processor/ps_system/ps_system_i/axi_interconnect_0/s00_couplers/auto_pc/inst/gen_axi4_axi3.axi3_conv_inst/USE_READ.USE_SPLIT_R.read_addr_inst/USE_R_CHANNEL.cmd_queue/inst/fifo_gen_inst/<hidden>/<hidden>/<hidden>/<hidden>/<hidden>/<hidden>/<hidden>
  -------------------------------------------------------------------    -------------------
    SLICE_X11Y41         FDPE (Prop_fdpe_C_Q)         0.419     3.407 f  frame_processor/ps_system/ps_system_i/axi_interconnect_0/s00_couplers/auto_pc/inst/gen_axi4_axi3.axi3_conv_inst/USE_READ.USE_SPLIT_R.read_addr_inst/USE_R_CHANNEL.cmd_queue/inst/fifo_gen_inst/<hidden>/<hidden>/<hidden>/<hidden>/<hidden>/<hidden>/<hidden>
                         net (fo=2, routed)           1.131     4.538    frame_processor/ps_system/ps_system_i/axi_interconnect_0/s00_couplers/auto_pc/inst/gen_axi4_axi3.axi3_conv_inst/USE_READ.USE_SPLIT_R.read_addr_inst/USE_R_CHANNEL.cmd_queue/inst/fifo_gen_inst/<hidden>/<hidden>/<hidden>/<hidden>/<hidden>
    SLICE_X22Y41         LUT3 (Prop_lut3_I2_O)        0.299     4.837 f  frame_processor/ps_system/ps_system_i/axi_interconnect_0/s00_couplers/auto_pc/inst/gen_axi4_axi3.axi3_conv_inst/USE_READ.USE_SPLIT_R.read_addr_inst/USE_R_CHANNEL.cmd_queue/inst/fifo_gen_inst/<hidden>/<hidden>/<hidden>/<hidden>/<hidden>/<hidden>
                         net (fo=33, routed)          2.408     7.245    frame_processor/ps_system/ps_system_i/axi_interconnect_0/s00_couplers/auto_pc/inst/gen_axi4_axi3.axi3_conv_inst/USE_READ.USE_SPLIT_R.read_addr_inst/USE_R_CHANNEL.cmd_queue/inst/fifo_gen_inst/<hidden>/<hidden>/<hidden>/<hidden>/<hidden>/<hidden>
    SLICE_X17Y42         FDCE                                         f  frame_processor/ps_system/ps_system_i/axi_interconnect_0/s00_couplers/auto_pc/inst/gen_axi4_axi3.axi3_conv_inst/USE_READ.USE_SPLIT_R.read_addr_inst/USE_R_CHANNEL.cmd_queue/inst/fifo_gen_inst/<hidden>/<hidden>/<hidden>/<hidden>/<hidden>/<hidden>/<hidden>
  -------------------------------------------------------------------    -------------------

                         (clock clk_fpga_0 rise edge)
                                                     10.000    10.000 r  <hidden>
    PS7_X0Y0             PS7                          0.000    10.000 r  frame_processor/ps_system/ps_system_i/processing_system7_0/inst/PS7_i/FCLKCLK[0]
                         net (fo=1, routed)           1.101    11.101    frame_processor/ps_system/ps_system_i/processing_system7_0/inst/FCLK_CLK0
    BUFGCTRL_X0Y3        BUFG (Prop_bufg_I_O)         0.091    11.192 r  frame_processor/ps_system/ps_system_i/processing_system7_0/inst/FCLK_CLK0_BUFG_inst/O
                         net (fo=7892, routed)        1.499    12.691    frame_processor/ps_system/ps_system_i/axi_interconnect_0/s00_couplers/auto_pc/inst/gen_axi4_axi3.axi3_conv_inst/USE_READ.USE_SPLIT_R.read_addr_inst/USE_R_CHANNEL.cmd_queue/inst/fifo_gen_inst/<hidden>/<hidden>/<hidden>/<hidden>/<hidden>/<hidden>
    SLICE_X17Y42         FDCE                                         r  frame_processor/ps_system/ps_system_i/axi_interconnect_0/s00_couplers/auto_pc/inst/gen_axi4_axi3.axi3_conv_inst/USE_READ.USE_SPLIT_R.read_addr_inst/USE_R_CHANNEL.cmd_queue/inst/fifo_gen_inst/<hidden>/<hidden>/<hidden>/<hidden>/<hidden>/<hidden>/<hidden>
                         clock pessimism              0.230    12.922    <hidden>
                         clock uncertainty           -0.154    12.768    <hidden>
    SLICE_X17Y42         FDCE (Recov_fdce_C_CLR)     -0.405    12.363    frame_processor/ps_system/ps_system_i/axi_interconnect_0/s00_couplers/auto_pc/inst/gen_axi4_axi3.axi3_conv_inst/USE_READ.USE_SPLIT_R.read_addr_inst/USE_R_CHANNEL.cmd_queue/inst/fifo_gen_inst/<hidden>/<hidden>/<hidden>/<hidden>/<hidden>/<hidden>
  -------------------------------------------------------------------
                         required time                         12.363    <hidden>
                         arrival time                          -7.245    <hidden>
  -------------------------------------------------------------------
                         slack                                  5.118    <hidden>





Min Delay Paths
--------------------------------------------------------------------------------------
Slack (MET) :             0.236ns  (arrival time - required time)
  Source:                 frame_processor/ps_system/ps_system_i/axi_interconnect_0/s00_couplers/auto_cc/inst/gen_clock_conv.gen_async_conv.asyncfifo_axi/<hidden>/<hidden>/<hidden>/<hidden>/<hidden>/<hidden>/<hidden>
                            (rising edge-triggered cell FDPE clocked by clk_fpga_0  {rise@0.000ns fall@5.000ns period=10.000ns})
  Destination:            frame_processor/ps_system/ps_system_i/axi_interconnect_0/s00_couplers/auto_cc/inst/gen_clock_conv.gen_async_conv.asyncfifo_axi/<hidden>/<hidden>/<hidden>/<hidden>/<hidden>/<hidden>
                            (removal check against rising-edge clock clk_fpga_0  {rise@0.000ns fall@5.000ns period=10.000ns})
  Path Group:             **async_default**
  Path Type:              Removal (Min at Fast Process Corner)
  Requirement:            0.000ns  (clk_fpga_0 rise@0.000ns - clk_fpga_0 rise@0.000ns)
  Data Path Delay:        0.351ns  (logic 0.128ns (36.435%)  route 0.223ns (63.565%))
  Logic Levels:           0  
  Clock Path Skew:        0.261ns (DCD - SCD - CPR)
    Destination Clock Delay (DCD):    1.199ns
    Source Clock Delay      (SCD):    0.904ns
    Clock Pessimism Removal (CPR):    0.034ns

    Location             Delay type                Incr(ns)  Path(ns)    Netlist Resource(s)
  -------------------------------------------------------------------    -------------------
                         (clock clk_fpga_0 rise edge)
                                                      0.000     0.000 r  <hidden>
    PS7_X0Y0             PS7                          0.000     0.000 r  frame_processor/ps_system/ps_system_i/processing_system7_0/inst/PS7_i/FCLKCLK[0]
                         net (fo=1, routed)           0.315     0.315    frame_processor/ps_system/ps_system_i/processing_system7_0/inst/FCLK_CLK0
    BUFGCTRL_X0Y3        BUFG (Prop_bufg_I_O)         0.026     0.341 r  frame_processor/ps_system/ps_system_i/processing_system7_0/inst/FCLK_CLK0_BUFG_inst/O
                         net (fo=7892, routed)        0.563     0.904    frame_processor/ps_system/ps_system_i/axi_interconnect_0/s00_couplers/auto_cc/inst/gen_clock_conv.gen_async_conv.asyncfifo_axi/<hidden>/<hidden>/<hidden>/<hidden>/<hidden>/<hidden>
    SLICE_X19Y45         FDPE                                         r  frame_processor/ps_system/ps_system_i/axi_interconnect_0/s00_couplers/auto_cc/inst/gen_clock_conv.gen_async_conv.asyncfifo_axi/<hidden>/<hidden>/<hidden>/<hidden>/<hidden>/<hidden>/<hidden>
  -------------------------------------------------------------------    -------------------
    SLICE_X19Y45         FDPE (Prop_fdpe_C_Q)         0.128     1.031 f  frame_processor/ps_system/ps_system_i/axi_interconnect_0/s00_couplers/auto_cc/inst/gen_clock_conv.gen_async_conv.asyncfifo_axi/<hidden>/<hidden>/<hidden>/<hidden>/<hidden>/<hidden>/<hidden>
                         net (fo=3, routed)           0.223     1.255    frame_processor/ps_system/ps_system_i/axi_interconnect_0/s00_couplers/auto_cc/inst/gen_clock_conv.gen_async_conv.asyncfifo_axi/<hidden>/<hidden>/<hidden>/<hidden>/<hidden>
    SLICE_X23Y48         FDCE                                         f  frame_processor/ps_system/ps_system_i/axi_interconnect_0/s00_couplers/auto_cc/inst/gen_clock_conv.gen_async_conv.asyncfifo_axi/<hidden>/<hidden>/<hidden>/<hidden>/<hidden>/<hidden>
  -------------------------------------------------------------------    -------------------

                         (clock clk_fpga_0 rise edge)
                                                      0.000     0.000 r  <hidden>
    PS7_X0Y0             PS7                          0.000     0.000 r  frame_processor/ps_system/ps_system_i/processing_system7_0/inst/PS7_i/FCLKCLK[0]
                         net (fo=1, routed)           0.341     0.341    frame_processor/ps_system/ps_system_i/processing_system7_0/inst/FCLK_CLK0
    BUFGCTRL_X0Y3        BUFG (Prop_bufg_I_O)         0.029     0.370 r  frame_processor/ps_system/ps_system_i/processing_system7_0/inst/FCLK_CLK0_BUFG_inst/O
                         net (fo=7892, routed)        0.829     1.199    frame_processor/ps_system/ps_system_i/axi_interconnect_0/s00_couplers/auto_cc/inst/gen_clock_conv.gen_async_conv.asyncfifo_axi/<hidden>/<hidden>/<hidden>/<hidden>/<hidden>
    SLICE_X23Y48         FDCE                                         r  frame_processor/ps_system/ps_system_i/axi_interconnect_0/s00_couplers/auto_cc/inst/gen_clock_conv.gen_async_conv.asyncfifo_axi/<hidden>/<hidden>/<hidden>/<hidden>/<hidden>/<hidden>
                         clock pessimism             -0.034     1.165    <hidden>
    SLICE_X23Y48         FDCE (Remov_fdce_C_CLR)     -0.146     1.019    frame_processor/ps_system/ps_system_i/axi_interconnect_0/s00_couplers/auto_cc/inst/gen_clock_conv.gen_async_conv.asyncfifo_axi/<hidden>/<hidden>/<hidden>/<hidden>/<hidden>
  -------------------------------------------------------------------
                         required time                         -1.019    <hidden>
                         arrival time                           1.255    <hidden>
  -------------------------------------------------------------------
                         slack                                  0.236    <hidden>





---------------------------------------------------------------------------------------------------
Path Group:  **async_default**
From Clock:  dbg_hub/inst/BSCANID.u_xsdbm_id/SWITCH_N_EXT_BSCAN.bscan_inst/SERIES7_BSCAN.bscan_inst/TCK
  To Clock:  dbg_hub/inst/BSCANID.u_xsdbm_id/SWITCH_N_EXT_BSCAN.bscan_inst/SERIES7_BSCAN.bscan_inst/TCK

Setup :            0  Failing Endpoints,  Worst Slack       26.908ns,  Total Violation        0.000ns
Hold  :            0  Failing Endpoints,  Worst Slack        0.380ns,  Total Violation        0.000ns
---------------------------------------------------------------------------------------------------


Max Delay Paths
--------------------------------------------------------------------------------------
Slack (MET) :             26.908ns  (required time - arrival time)
  Source:                 dbg_hub/inst/BSCANID.u_xsdbm_id/SWITCH_N_EXT_BSCAN.bscan_switch/portno_reg[4]/C
                            (rising edge-triggered cell FDRE clocked by dbg_hub/inst/BSCANID.u_xsdbm_id/SWITCH_N_EXT_BSCAN.bscan_inst/SERIES7_BSCAN.bscan_inst/TCK  {rise@0.000ns fall@16.500ns period=33.000ns})
  Destination:            dbg_hub/inst/BSCANID.u_xsdbm_id/CORE_XSDB.U_ICON/U_CMD/iTARGET_reg[10]/CLR
                            (recovery check against rising-edge clock dbg_hub/inst/BSCANID.u_xsdbm_id/SWITCH_N_EXT_BSCAN.bscan_inst/SERIES7_BSCAN.bscan_inst/TCK  {rise@0.000ns fall@16.500ns period=33.000ns})
  Path Group:             **async_default**
  Path Type:              Recovery (Max at Slow Process Corner)
  Requirement:            33.000ns  (dbg_hub/inst/BSCANID.u_xsdbm_id/SWITCH_N_EXT_BSCAN.bscan_inst/SERIES7_BSCAN.bscan_inst/TCK rise@33.000ns - dbg_hub/inst/BSCANID.u_xsdbm_id/SWITCH_N_EXT_BSCAN.bscan_inst/SERIES7_BSCAN.bscan_inst/TCK rise@0.000ns)
  Data Path Delay:        5.440ns  (logic 0.828ns (15.220%)  route 4.612ns (84.780%))
  Logic Levels:           3  (LUT1=1 LUT4=1 LUT6=1)
  Clock Path Skew:        -0.211ns (DCD - SCD + CPR)
    Destination Clock Delay (DCD):    3.088ns = ( 36.088 - 33.000 ) 
    Source Clock Delay      (SCD):    3.579ns
    Clock Pessimism Removal (CPR):    0.279ns
  Clock Uncertainty:      0.035ns  ((TSJ^2 + TIJ^2)^1/2 + DJ) / 2 + PE
    Total System Jitter     (TSJ):    0.071ns
    Total Input Jitter      (TIJ):    0.000ns
    Discrete Jitter          (DJ):    0.000ns
    Phase Error              (PE):    0.000ns

    Location             Delay type                Incr(ns)  Path(ns)    Netlist Resource(s)
  -------------------------------------------------------------------    -------------------
                         (clock dbg_hub/inst/BSCANID.u_xsdbm_id/SWITCH_N_EXT_BSCAN.bscan_inst/SERIES7_BSCAN.bscan_inst/TCK rise edge)
                                                      0.000     0.000 r  <hidden>
    BSCAN_X0Y0           BSCANE2                      0.000     0.000 r  dbg_hub/inst/BSCANID.u_xsdbm_id/SWITCH_N_EXT_BSCAN.bscan_inst/SERIES7_BSCAN.bscan_inst/TCK
                         net (fo=1, routed)           1.778     1.778    dbg_hub/inst/BSCANID.u_xsdbm_id/tck_bs
    BUFGCTRL_X0Y5        BUFG (Prop_bufg_I_O)         0.101     1.879 r  dbg_hub/inst/BSCANID.u_xsdbm_id/SWITCH_N_EXT_BSCAN.u_bufg_icon_tck/O
                         net (fo=486, routed)         1.700     3.579    dbg_hub/inst/BSCANID.u_xsdbm_id/SWITCH_N_EXT_BSCAN.bscan_switch/s_bscan_tck
    SLICE_X5Y77          FDRE                                         r  dbg_hub/inst/BSCANID.u_xsdbm_id/SWITCH_N_EXT_BSCAN.bscan_switch/portno_reg[4]/C
  -------------------------------------------------------------------    -------------------
    SLICE_X5Y77          FDRE (Prop_fdre_C_Q)         0.456     4.035 f  dbg_hub/inst/BSCANID.u_xsdbm_id/SWITCH_N_EXT_BSCAN.bscan_switch/portno_reg[4]/Q
                         net (fo=1, routed)           1.040     5.074    dbg_hub/inst/BSCANID.u_xsdbm_id/SWITCH_N_EXT_BSCAN.bscan_switch/portno[4]
    SLICE_X9Y77          LUT6 (Prop_lut6_I4_O)        0.124     5.198 f  dbg_hub/inst/BSCANID.u_xsdbm_id/SWITCH_N_EXT_BSCAN.bscan_switch/m_bscan_drck[0]_INST_0_i_1/O
                         net (fo=5, routed)           1.047     6.245    dbg_hub/inst/BSCANID.u_xsdbm_id/SWITCH_N_EXT_BSCAN.bscan_switch/m_bscan_drck[0]_INST_0_i_1_n_0
    SLICE_X16Y75         LUT4 (Prop_lut4_I3_O)        0.124     6.369 r  dbg_hub/inst/BSCANID.u_xsdbm_id/SWITCH_N_EXT_BSCAN.bscan_switch/m_bscan_sel[0]_INST_0/O
                         net (fo=2, routed)           0.978     7.347    dbg_hub/inst/BSCANID.u_xsdbm_id/CORE_XSDB.U_ICON/U_CMD/iTARGET_reg[6]_0
    SLICE_X21Y76         LUT1 (Prop_lut1_I0_O)        0.124     7.471 f  dbg_hub/inst/BSCANID.u_xsdbm_id/CORE_XSDB.U_ICON/U_CMD/iTARGET[15]_i_2/O
                         net (fo=10, routed)          1.548     9.019    dbg_hub/inst/BSCANID.u_xsdbm_id/CORE_XSDB.U_ICON/U_CMD/iSEL_n
    SLICE_X26Y77         FDCE                                         f  dbg_hub/inst/BSCANID.u_xsdbm_id/CORE_XSDB.U_ICON/U_CMD/iTARGET_reg[10]/CLR
  -------------------------------------------------------------------    -------------------

                         (clock dbg_hub/inst/BSCANID.u_xsdbm_id/SWITCH_N_EXT_BSCAN.bscan_inst/SERIES7_BSCAN.bscan_inst/TCK rise edge)
                                                     33.000    33.000 r  <hidden>
    BSCAN_X0Y0           BSCANE2                      0.000    33.000 r  dbg_hub/inst/BSCANID.u_xsdbm_id/SWITCH_N_EXT_BSCAN.bscan_inst/SERIES7_BSCAN.bscan_inst/TCK
                         net (fo=1, routed)           1.523    34.523    dbg_hub/inst/BSCANID.u_xsdbm_id/tck_bs
    BUFGCTRL_X0Y5        BUFG (Prop_bufg_I_O)         0.091    34.614 r  dbg_hub/inst/BSCANID.u_xsdbm_id/SWITCH_N_EXT_BSCAN.u_bufg_icon_tck/O
                         net (fo=486, routed)         1.475    36.088    dbg_hub/inst/BSCANID.u_xsdbm_id/CORE_XSDB.U_ICON/U_CMD/m_bscan_tck[0]
    SLICE_X26Y77         FDCE                                         r  dbg_hub/inst/BSCANID.u_xsdbm_id/CORE_XSDB.U_ICON/U_CMD/iTARGET_reg[10]/C
                         clock pessimism              0.279    36.367    <hidden>
                         clock uncertainty           -0.035    36.332    <hidden>
    SLICE_X26Y77         FDCE (Recov_fdce_C_CLR)     -0.405    35.927    dbg_hub/inst/BSCANID.u_xsdbm_id/CORE_XSDB.U_ICON/U_CMD/iTARGET_reg[10]
  -------------------------------------------------------------------
                         required time                         35.927    <hidden>
                         arrival time                          -9.019    <hidden>
  -------------------------------------------------------------------
                         slack                                 26.908    <hidden>





Min Delay Paths
--------------------------------------------------------------------------------------
Slack (MET) :             0.380ns  (arrival time - required time)
  Source:                 dbg_hub/inst/BSCANID.u_xsdbm_id/CORE_XSDB.UUT_MASTER/U_ICON_INTERFACE/U_CMD6_RD/U_RD_FIFO/SUBCORE_FIFO.xsdbm_v3_0_6_rdfifo_inst/inst_fifo_gen/gconvfifo.rf/grf.rf/rstblk/ngwrdrst.grst.g7serrst.rd_rst_reg_reg[2]/C
                            (rising edge-triggered cell FDPE clocked by dbg_hub/inst/BSCANID.u_xsdbm_id/SWITCH_N_EXT_BSCAN.bscan_inst/SERIES7_BSCAN.bscan_inst/TCK  {rise@0.000ns fall@16.500ns period=33.000ns})
  Destination:            dbg_hub/inst/BSCANID.u_xsdbm_id/CORE_XSDB.UUT_MASTER/U_ICON_INTERFACE/U_CMD6_RD/U_RD_FIFO/SUBCORE_FIFO.xsdbm_v3_0_6_rdfifo_inst/inst_fifo_gen/gconvfifo.rf/grf.rf/gntv_or_sync_fifo.gl0.rd/gr1.gr1_int.rfwft/gpregsm1.user_valid_reg/CLR
                            (removal check against rising-edge clock dbg_hub/inst/BSCANID.u_xsdbm_id/SWITCH_N_EXT_BSCAN.bscan_inst/SERIES7_BSCAN.bscan_inst/TCK  {rise@0.000ns fall@16.500ns period=33.000ns})
  Path Group:             **async_default**
  Path Type:              Removal (Min at Fast Process Corner)
  Requirement:            0.000ns  (dbg_hub/inst/BSCANID.u_xsdbm_id/SWITCH_N_EXT_BSCAN.bscan_inst/SERIES7_BSCAN.bscan_inst/TCK rise@0.000ns - dbg_hub/inst/BSCANID.u_xsdbm_id/SWITCH_N_EXT_BSCAN.bscan_inst/SERIES7_BSCAN.bscan_inst/TCK rise@0.000ns)
  Data Path Delay:        0.375ns  (logic 0.141ns (37.583%)  route 0.234ns (62.417%))
  Logic Levels:           0  
  Clock Path Skew:        0.062ns (DCD - SCD - CPR)
    Destination Clock Delay (DCD):    1.707ns
    Source Clock Delay      (SCD):    1.298ns
    Clock Pessimism Removal (CPR):    0.346ns

    Location             Delay type                Incr(ns)  Path(ns)    Netlist Resource(s)
  -------------------------------------------------------------------    -------------------
                         (clock dbg_hub/inst/BSCANID.u_xsdbm_id/SWITCH_N_EXT_BSCAN.bscan_inst/SERIES7_BSCAN.bscan_inst/TCK rise edge)
                                                      0.000     0.000 r  <hidden>
    BSCAN_X0Y0           BSCANE2                      0.000     0.000 r  dbg_hub/inst/BSCANID.u_xsdbm_id/SWITCH_N_EXT_BSCAN.bscan_inst/SERIES7_BSCAN.bscan_inst/TCK
                         net (fo=1, routed)           0.716     0.716    dbg_hub/inst/BSCANID.u_xsdbm_id/tck_bs
    BUFGCTRL_X0Y5        BUFG (Prop_bufg_I_O)         0.026     0.742 r  dbg_hub/inst/BSCANID.u_xsdbm_id/SWITCH_N_EXT_BSCAN.u_bufg_icon_tck/O
                         net (fo=486, routed)         0.557     1.298    dbg_hub/inst/BSCANID.u_xsdbm_id/CORE_XSDB.UUT_MASTER/U_ICON_INTERFACE/U_CMD6_RD/U_RD_FIFO/SUBCORE_FIFO.xsdbm_v3_0_6_rdfifo_inst/inst_fifo_gen/gconvfifo.rf/grf.rf/rstblk/rd_clk
    SLICE_X33Y86         FDPE                                         r  dbg_hub/inst/BSCANID.u_xsdbm_id/CORE_XSDB.UUT_MASTER/U_ICON_INTERFACE/U_CMD6_RD/U_RD_FIFO/SUBCORE_FIFO.xsdbm_v3_0_6_rdfifo_inst/inst_fifo_gen/gconvfifo.rf/grf.rf/rstblk/ngwrdrst.grst.g7serrst.rd_rst_reg_reg[2]/C
  -------------------------------------------------------------------    -------------------
    SLICE_X33Y86         FDPE (Prop_fdpe_C_Q)         0.141     1.439 f  dbg_hub/inst/BSCANID.u_xsdbm_id/CORE_XSDB.UUT_MASTER/U_ICON_INTERFACE/U_CMD6_RD/U_RD_FIFO/SUBCORE_FIFO.xsdbm_v3_0_6_rdfifo_inst/inst_fifo_gen/gconvfifo.rf/grf.rf/rstblk/ngwrdrst.grst.g7serrst.rd_rst_reg_reg[2]/Q
                         net (fo=18, routed)          0.234     1.674    dbg_hub/inst/BSCANID.u_xsdbm_id/CORE_XSDB.UUT_MASTER/U_ICON_INTERFACE/U_CMD6_RD/U_RD_FIFO/SUBCORE_FIFO.xsdbm_v3_0_6_rdfifo_inst/inst_fifo_gen/gconvfifo.rf/grf.rf/gntv_or_sync_fifo.gl0.rd/gr1.gr1_int.rfwft/out[1]
    SLICE_X38Y86         FDCE                                         f  dbg_hub/inst/BSCANID.u_xsdbm_id/CORE_XSDB.UUT_MASTER/U_ICON_INTERFACE/U_CMD6_RD/U_RD_FIFO/SUBCORE_FIFO.xsdbm_v3_0_6_rdfifo_inst/inst_fifo_gen/gconvfifo.rf/grf.rf/gntv_or_sync_fifo.gl0.rd/gr1.gr1_int.rfwft/gpregsm1.user_valid_reg/CLR
  -------------------------------------------------------------------    -------------------

                         (clock dbg_hub/inst/BSCANID.u_xsdbm_id/SWITCH_N_EXT_BSCAN.bscan_inst/SERIES7_BSCAN.bscan_inst/TCK rise edge)
                                                      0.000     0.000 r  <hidden>
    BSCAN_X0Y0           BSCANE2                      0.000     0.000 r  dbg_hub/inst/BSCANID.u_xsdbm_id/SWITCH_N_EXT_BSCAN.bscan_inst/SERIES7_BSCAN.bscan_inst/TCK
                         net (fo=1, routed)           0.825     0.825    dbg_hub/inst/BSCANID.u_xsdbm_id/tck_bs
    BUFGCTRL_X0Y5        BUFG (Prop_bufg_I_O)         0.029     0.854 r  dbg_hub/inst/BSCANID.u_xsdbm_id/SWITCH_N_EXT_BSCAN.u_bufg_icon_tck/O
                         net (fo=486, routed)         0.853     1.707    dbg_hub/inst/BSCANID.u_xsdbm_id/CORE_XSDB.UUT_MASTER/U_ICON_INTERFACE/U_CMD6_RD/U_RD_FIFO/SUBCORE_FIFO.xsdbm_v3_0_6_rdfifo_inst/inst_fifo_gen/gconvfifo.rf/grf.rf/gntv_or_sync_fifo.gl0.rd/gr1.gr1_int.rfwft/rd_clk
    SLICE_X38Y86         FDCE                                         r  dbg_hub/inst/BSCANID.u_xsdbm_id/CORE_XSDB.UUT_MASTER/U_ICON_INTERFACE/U_CMD6_RD/U_RD_FIFO/SUBCORE_FIFO.xsdbm_v3_0_6_rdfifo_inst/inst_fifo_gen/gconvfifo.rf/grf.rf/gntv_or_sync_fifo.gl0.rd/gr1.gr1_int.rfwft/gpregsm1.user_valid_reg/C
                         clock pessimism             -0.346     1.360    <hidden>
    SLICE_X38Y86         FDCE (Remov_fdce_C_CLR)     -0.067     1.293    dbg_hub/inst/BSCANID.u_xsdbm_id/CORE_XSDB.UUT_MASTER/U_ICON_INTERFACE/U_CMD6_RD/U_RD_FIFO/SUBCORE_FIFO.xsdbm_v3_0_6_rdfifo_inst/inst_fifo_gen/gconvfifo.rf/grf.rf/gntv_or_sync_fifo.gl0.rd/gr1.gr1_int.rfwft/gpregsm1.user_valid_reg
  -------------------------------------------------------------------
                         required time                         -1.293    <hidden>
                         arrival time                           1.674    <hidden>
  -------------------------------------------------------------------
                         slack                                  0.380    <hidden>





---------------------------------------------------------------------------------------------------
Path Group:  **async_default**
From Clock:  epd_clk_mmcm
  To Clock:  epd_clk_mmcm

Setup :            0  Failing Endpoints,  Worst Slack        5.899ns,  Total Violation        0.000ns
Hold  :            0  Failing Endpoints,  Worst Slack        0.894ns,  Total Violation        0.000ns
---------------------------------------------------------------------------------------------------


Max Delay Paths
--------------------------------------------------------------------------------------
Slack (MET) :             5.899ns  (required time - arrival time)
  Source:                 sync_epd/rst_pipe_reg[1]/C
                            (rising edge-triggered cell FDCE clocked by epd_clk_mmcm  {rise@0.000ns fall@11.346ns period=22.692ns})
  Destination:            display_manager/data_mgr/t_din_reg[26]/CLR
                            (recovery check against rising-edge clock epd_clk_mmcm  {rise@0.000ns fall@11.346ns period=22.692ns})
  Path Group:             **async_default**
  Path Type:              Recovery (Max at Slow Process Corner)
  Requirement:            11.346ns  (epd_clk_mmcm fall@11.346ns - epd_clk_mmcm rise@0.000ns)
  Data Path Delay:        4.630ns  (logic 0.718ns (15.509%)  route 3.912ns (84.491%))
  Logic Levels:           1  (LUT1=1)
  Clock Path Skew:        -0.231ns (DCD - SCD + CPR)
    Destination Clock Delay (DCD):    2.687ns = ( 14.033 - 11.346 ) 
    Source Clock Delay      (SCD):    3.033ns
    Clock Pessimism Removal (CPR):    0.116ns
  Clock Uncertainty:      0.185ns  ((TSJ^2 + DJ^2)^1/2) / 2 + PE
    Total System Jitter     (TSJ):    0.071ns
    Discrete Jitter          (DJ):    0.363ns
    Phase Error              (PE):    0.000ns

    Location             Delay type                Incr(ns)  Path(ns)    Netlist Resource(s)
  -------------------------------------------------------------------    -------------------
                         (clock epd_clk_mmcm rise edge)
                                                      0.000     0.000 r  <hidden>
    PS7_X0Y0             PS7                          0.000     0.000 r  frame_processor/ps_system/ps_system_i/processing_system7_0/inst/PS7_i/FCLKCLK[1]
                         net (fo=1, routed)           1.207     1.207    frame_processor/ps_system/ps_system_i/processing_system7_0/inst/FCLK_CLK_unbuffered[1]
    BUFGCTRL_X0Y4        BUFG (Prop_bufg_I_O)         0.101     1.308 r  frame_processor/ps_system/ps_system_i/processing_system7_0/inst/buffer_fclk_clk_1.FCLK_CLK_1_BUFG/O
                         net (fo=562, routed)         1.677     2.985    clock_pll/CLK_50M
    MMCME2_ADV_X0Y0      MMCME2_ADV (Prop_mmcme2_adv_CLKIN1_CLKOUT0)
                                                     -3.538    -0.553 r  clock_pll/u_mmcm/CLKOUT0
                         net (fo=1, routed)           1.760     1.207    clock_pll/epd_clk_mmcm
    BUFGCTRL_X0Y0        BUFG (Prop_bufg_I_O)         0.101     1.308 r  clock_pll/u_epd_buf/O
                         net (fo=203, routed)         1.725     3.033    sync_epd/EPD_XCL_OBUF
    SLICE_X40Y76         FDCE                                         r  sync_epd/rst_pipe_reg[1]/C
  -------------------------------------------------------------------    -------------------
    SLICE_X40Y76         FDCE (Prop_fdce_C_Q)         0.419     3.452 r  sync_epd/rst_pipe_reg[1]/Q
                         net (fo=5, routed)           1.072     4.524    sync_epd/rst_pipe[1]
    SLICE_X39Y70         LUT1 (Prop_lut1_I0_O)        0.299     4.823 f  sync_epd/xpm_cdc_pulse_i_2/O
                         net (fo=123, routed)         2.839     7.663    display_manager/data_mgr/t_din_reg[0]_0
    SLICE_X35Y34         FDCE                                         f  display_manager/data_mgr/t_din_reg[26]/CLR
  -------------------------------------------------------------------    -------------------

                         (clock epd_clk_mmcm fall edge)
                                                     11.346    11.346 f  <hidden>
    PS7_X0Y0             PS7                          0.000    11.346 f  frame_processor/ps_system/ps_system_i/processing_system7_0/inst/PS7_i/FCLKCLK[1]
                         net (fo=1, routed)           1.101    12.447    frame_processor/ps_system/ps_system_i/processing_system7_0/inst/FCLK_CLK_unbuffered[1]
    BUFGCTRL_X0Y4        BUFG (Prop_bufg_I_O)         0.091    12.538 f  frame_processor/ps_system/ps_system_i/processing_system7_0/inst/buffer_fclk_clk_1.FCLK_CLK_1_BUFG/O
                         net (fo=562, routed)         1.487    14.026    clock_pll/CLK_50M
    MMCME2_ADV_X0Y0      MMCME2_ADV (Prop_mmcme2_adv_CLKIN1_CLKOUT0)
                                                     -3.177    10.848 f  clock_pll/u_mmcm/CLKOUT0
                         net (fo=1, routed)           1.599    12.447    clock_pll/epd_clk_mmcm
    BUFGCTRL_X0Y0        BUFG (Prop_bufg_I_O)         0.091    12.538 f  clock_pll/u_epd_buf/O
                         net (fo=203, routed)         1.494    14.033    display_manager/data_mgr/EPD_XCL_OBUF
    SLICE_X35Y34         FDCE                                         r  display_manager/data_mgr/t_din_reg[26]/C  (IS_INVERTED)
                         clock pessimism              0.116    14.149    <hidden>
                         clock uncertainty           -0.185    13.963    <hidden>
    SLICE_X35Y34         FDCE (Recov_fdce_C_CLR)     -0.402    13.561    display_manager/data_mgr/t_din_reg[26]
  -------------------------------------------------------------------
                         required time                         13.561    <hidden>
                         arrival time                          -7.663    <hidden>
  -------------------------------------------------------------------
                         slack                                  5.899    <hidden>





Min Delay Paths
--------------------------------------------------------------------------------------
Slack (MET) :             0.894ns  (arrival time - required time)
  Source:                 sync_epd/rst_pipe_reg[1]/C
                            (rising edge-triggered cell FDCE clocked by epd_clk_mmcm  {rise@0.000ns fall@11.346ns period=22.692ns})
  Destination:            display_manager/whitening_reg/CLR
                            (removal check against rising-edge clock epd_clk_mmcm  {rise@0.000ns fall@11.346ns period=22.692ns})
  Path Group:             **async_default**
  Path Type:              Removal (Min at Fast Process Corner)
  Requirement:            0.000ns  (epd_clk_mmcm rise@0.000ns - epd_clk_mmcm rise@0.000ns)
  Data Path Delay:        0.859ns  (logic 0.227ns (26.421%)  route 0.632ns (73.579%))
  Logic Levels:           1  (LUT1=1)
  Clock Path Skew:        0.032ns (DCD - SCD - CPR)
    Destination Clock Delay (DCD):    1.214ns
    Source Clock Delay      (SCD):    0.919ns
    Clock Pessimism Removal (CPR):    0.263ns

    Location             Delay type                Incr(ns)  Path(ns)    Netlist Resource(s)
  -------------------------------------------------------------------    -------------------
                         (clock epd_clk_mmcm rise edge)
                                                      0.000     0.000 r  <hidden>
    PS7_X0Y0             PS7                          0.000     0.000 r  frame_processor/ps_system/ps_system_i/processing_system7_0/inst/PS7_i/FCLKCLK[1]
                         net (fo=1, routed)           0.315     0.315    frame_processor/ps_system/ps_system_i/processing_system7_0/inst/FCLK_CLK_unbuffered[1]
    BUFGCTRL_X0Y4        BUFG (Prop_bufg_I_O)         0.026     0.341 r  frame_processor/ps_system/ps_system_i/processing_system7_0/inst/buffer_fclk_clk_1.FCLK_CLK_1_BUFG/O
                         net (fo=562, routed)         0.546     0.887    clock_pll/CLK_50M
    MMCME2_ADV_X0Y0      MMCME2_ADV (Prop_mmcme2_adv_CLKIN1_CLKOUT0)
                                                     -1.053    -0.167 r  clock_pll/u_mmcm/CLKOUT0
                         net (fo=1, routed)           0.482     0.315    clock_pll/epd_clk_mmcm
    BUFGCTRL_X0Y0        BUFG (Prop_bufg_I_O)         0.026     0.341 r  clock_pll/u_epd_buf/O
                         net (fo=203, routed)         0.578     0.919    sync_epd/EPD_XCL_OBUF
    SLICE_X40Y76         FDCE                                         r  sync_epd/rst_pipe_reg[1]/C
  -------------------------------------------------------------------    -------------------
    SLICE_X40Y76         FDCE (Prop_fdce_C_Q)         0.128     1.047 r  sync_epd/rst_pipe_reg[1]/Q
                         net (fo=5, routed)           0.429     1.476    sync_epd/rst_pipe[1]
    SLICE_X39Y70         LUT1 (Prop_lut1_I0_O)        0.099     1.575 f  sync_epd/xpm_cdc_pulse_i_2/O
                         net (fo=123, routed)         0.203     1.778    display_manager/r_flag_reg
    SLICE_X42Y74         FDCE                                         f  display_manager/whitening_reg/CLR
  -------------------------------------------------------------------    -------------------

                         (clock epd_clk_mmcm rise edge)
                                                      0.000     0.000 r  <hidden>
    PS7_X0Y0             PS7                          0.000     0.000 r  frame_processor/ps_system/ps_system_i/processing_system7_0/inst/PS7_i/FCLKCLK[1]
                         net (fo=1, routed)           0.341     0.341    frame_processor/ps_system/ps_system_i/processing_system7_0/inst/FCLK_CLK_unbuffered[1]
    BUFGCTRL_X0Y4        BUFG (Prop_bufg_I_O)         0.029     0.370 r  frame_processor/ps_system/ps_system_i/processing_system7_0/inst/buffer_fclk_clk_1.FCLK_CLK_1_BUFG/O
                         net (fo=562, routed)         0.812     1.182    clock_pll/CLK_50M
    MMCME2_ADV_X0Y0      MMCME2_ADV (Prop_mmcme2_adv_CLKIN1_CLKOUT0)
                                                     -1.369    -0.187 r  clock_pll/u_mmcm/CLKOUT0
                         net (fo=1, routed)           0.528     0.341    clock_pll/epd_clk_mmcm
    BUFGCTRL_X0Y0        BUFG (Prop_bufg_I_O)         0.029     0.370 r  clock_pll/u_epd_buf/O
                         net (fo=203, routed)         0.844     1.214    display_manager/EPD_XCL_OBUF
    SLICE_X42Y74         FDCE                                         r  display_manager/whitening_reg/C
                         clock pessimism             -0.263     0.951    <hidden>
    SLICE_X42Y74         FDCE (Remov_fdce_C_CLR)     -0.067     0.884    display_manager/whitening_reg
  -------------------------------------------------------------------
                         required time                         -0.884    <hidden>
                         arrival time                           1.778    <hidden>
  -------------------------------------------------------------------
                         slack                                  0.894    <hidden>





---------------------------------------------------------------------------------------------------
Path Group:  **async_default**
From Clock:  pix_clk
  To Clock:  pix_clk

Setup :            0  Failing Endpoints,  Worst Slack        4.684ns,  Total Violation        0.000ns
Hold  :            0  Failing Endpoints,  Worst Slack        0.962ns,  Total Violation        0.000ns
---------------------------------------------------------------------------------------------------


Max Delay Paths
--------------------------------------------------------------------------------------
Slack (MET) :             4.684ns  (required time - arrival time)
  Source:                 frame_processor/pix_reset/xpm_cdc_async_rst_inst/arststages_ff_reg[3]/C
                            (rising edge-triggered cell FDPE clocked by pix_clk  {rise@0.000ns fall@4.467ns period=8.934ns})
  Destination:            frame_processor/pix_y_reg[2]/CLR
                            (recovery check against rising-edge clock pix_clk  {rise@0.000ns fall@4.467ns period=8.934ns})
  Path Group:             **async_default**
  Path Type:              Recovery (Max at Slow Process Corner)
  Requirement:            8.934ns  (pix_clk rise@8.934ns - pix_clk rise@0.000ns)
  Data Path Delay:        3.434ns  (logic 0.667ns (19.422%)  route 2.767ns (80.578%))
  Logic Levels:           1  (LUT1=1)
  Clock Path Skew:        -0.168ns (DCD - SCD + CPR)
    Destination Clock Delay (DCD):    4.821ns = ( 13.755 - 8.934 ) 
    Source Clock Delay      (SCD):    5.379ns
    Clock Pessimism Removal (CPR):    0.391ns
  Clock Uncertainty:      0.035ns  ((TSJ^2 + TIJ^2)^1/2 + DJ) / 2 + PE
    Total System Jitter     (TSJ):    0.071ns
    Total Input Jitter      (TIJ):    0.000ns
    Discrete Jitter          (DJ):    0.000ns
    Phase Error              (PE):    0.000ns

    Location             Delay type                Incr(ns)  Path(ns)    Netlist Resource(s)
  -------------------------------------------------------------------    -------------------
                         (clock pix_clk rise edge)    0.000     0.000 r  <hidden>
    P19                                               0.000     0.000 r  pix_clk
                         net (fo=0)                   0.000     0.000    pix_clk
    P19                  IBUF (Prop_ibuf_I_O)         1.494     1.494 r  pix_clk_IBUF_inst/O
                         net (fo=2, routed)           2.102     3.596    pix_clk_IBUF
    BUFGCTRL_X0Y2        BUFGCTRL (Prop_bufgctrl_I1_O)
                                                      0.101     3.697 r  capture_clock_mux/O
                         net (fo=155, routed)         1.682     5.379    frame_processor/pix_reset/xpm_cdc_async_rst_inst/dest_clk
    SLICE_X10Y48         FDPE                                         r  frame_processor/pix_reset/xpm_cdc_async_rst_inst/arststages_ff_reg[3]/C
  -------------------------------------------------------------------    -------------------
    SLICE_X10Y48         FDPE (Prop_fdpe_C_Q)         0.518     5.897 r  frame_processor/pix_reset/xpm_cdc_async_rst_inst/arststages_ff_reg[3]/Q
                         net (fo=12, routed)          1.689     7.586    frame_processor/pix_reset/pix_reset_n
    SLICE_X23Y50         LUT1 (Prop_lut1_I0_O)        0.149     7.735 f  frame_processor/pix_reset/capture_cdc_i_1/O
                         net (fo=29, routed)          1.078     8.813    frame_processor/pix_reset_n_0
    SLICE_X27Y48         FDCE                                         f  frame_processor/pix_y_reg[2]/CLR
  -------------------------------------------------------------------    -------------------

                         (clock pix_clk rise edge)    8.934     8.934 r  <hidden>
    P19                                               0.000     8.934 r  pix_clk
                         net (fo=0)                   0.000     8.934    pix_clk
    P19                  IBUF (Prop_ibuf_I_O)         1.424    10.358 r  pix_clk_IBUF_inst/O
                         net (fo=2, routed)           1.806    12.163    pix_clk_IBUF
    BUFGCTRL_X0Y2        BUFGCTRL (Prop_bufgctrl_I1_O)
                                                      0.091    12.254 r  capture_clock_mux/O
                         net (fo=155, routed)         1.500    13.755    frame_processor/capture_pix_clk
    SLICE_X27Y48         FDCE                                         r  frame_processor/pix_y_reg[2]/C
                         clock pessimism              0.391    14.146    <hidden>
                         clock uncertainty           -0.035    14.110    <hidden>
    SLICE_X27Y48         FDCE (Recov_fdce_C_CLR)     -0.613    13.497    frame_processor/pix_y_reg[2]
  -------------------------------------------------------------------
                         required time                         13.497    <hidden>
                         arrival time                          -8.813    <hidden>
  -------------------------------------------------------------------
                         slack                                  4.684    <hidden>





Min Delay Paths
--------------------------------------------------------------------------------------
Slack (MET) :             0.962ns  (arrival time - required time)
  Source:                 frame_processor/pix_reset/xpm_cdc_async_rst_inst/arststages_ff_reg[3]/C
                            (rising edge-triggered cell FDPE clocked by pix_clk  {rise@0.000ns fall@4.467ns period=8.934ns})
  Destination:            frame_processor/pix_x_reg[10]/CLR
                            (removal check against rising-edge clock pix_clk  {rise@0.000ns fall@4.467ns period=8.934ns})
  Path Group:             **async_default**
  Path Type:              Removal (Min at Fast Process Corner)
  Requirement:            0.000ns  (pix_clk rise@0.000ns - pix_clk rise@0.000ns)
  Data Path Delay:        1.064ns  (logic 0.208ns (19.545%)  route 0.856ns (80.455%))
  Logic Levels:           1  (LUT1=1)
  Clock Path Skew:        0.261ns (DCD - SCD - CPR)
    Destination Clock Delay (DCD):    2.299ns
    Source Clock Delay      (SCD):    1.710ns
    Clock Pessimism Removal (CPR):    0.327ns

    Location             Delay type                Incr(ns)  Path(ns)    Netlist Resource(s)
  -------------------------------------------------------------------    -------------------
                         (clock pix_clk rise edge)    0.000     0.000 r  <hidden>
    P19                                               0.000     0.000 r  pix_clk
                         net (fo=0)                   0.000     0.000    pix_clk
    P19                  IBUF (Prop_ibuf_I_O)         0.262     0.262 r  pix_clk_IBUF_inst/O
                         net (fo=2, routed)           0.856     1.118    pix_clk_IBUF
    BUFGCTRL_X0Y2        BUFGCTRL (Prop_bufgctrl_I1_O)
                                                      0.026     1.144 r  capture_clock_mux/O
                         net (fo=155, routed)         0.567     1.710    frame_processor/pix_reset/xpm_cdc_async_rst_inst/dest_clk
    SLICE_X10Y48         FDPE                                         r  frame_processor/pix_reset/xpm_cdc_async_rst_inst/arststages_ff_reg[3]/C
  -------------------------------------------------------------------    -------------------
    SLICE_X10Y48         FDPE (Prop_fdpe_C_Q)         0.164     1.874 r  frame_processor/pix_reset/xpm_cdc_async_rst_inst/arststages_ff_reg[3]/Q
                         net (fo=12, routed)          0.722     2.596    frame_processor/pix_reset/pix_reset_n
    SLICE_X23Y50         LUT1 (Prop_lut1_I0_O)        0.044     2.640 f  frame_processor/pix_reset/capture_cdc_i_1/O
                         net (fo=29, routed)          0.134     2.775    frame_processor/pix_reset_n_0
    SLICE_X25Y50         FDCE                                         f  frame_processor/pix_x_reg[10]/CLR
  -------------------------------------------------------------------    -------------------

                         (clock pix_clk rise edge)    0.000     0.000 r  <hidden>
    P19                                               0.000     0.000 r  pix_clk
                         net (fo=0)                   0.000     0.000    pix_clk
    P19                  IBUF (Prop_ibuf_I_O)         0.450     0.450 r  pix_clk_IBUF_inst/O
                         net (fo=2, routed)           0.992     1.442    pix_clk_IBUF
    BUFGCTRL_X0Y2        BUFGCTRL (Prop_bufgctrl_I1_O)
                                                      0.029     1.471 r  capture_clock_mux/O
                         net (fo=155, routed)         0.828     2.299    frame_processor/capture_pix_clk
    SLICE_X25Y50         FDCE                                         r  frame_processor/pix_x_reg[10]/C
                         clock pessimism             -0.327     1.972    <hidden>
    SLICE_X25Y50         FDCE (Remov_fdce_C_CLR)     -0.159     1.813    frame_processor/pix_x_reg[10]
  -------------------------------------------------------------------
                         required time                         -1.813    <hidden>
                         arrival time                           2.775    <hidden>
  -------------------------------------------------------------------
                         slack                                  0.962    <hidden>





